person_id,name,entity_type,related_film_count,has_wikipedia_text,intro_chars,wikitext_chars,source_url
NAME:-{zh-hans:卡尔·马克维斯;zh-hant:卡尔·马可维奇;}-,-{zh-hans:卡尔·马克维斯;zh-hant:卡尔·马可维奇;}-,演员,1,False,0,0,
WP:Aurora_Ribero,Aurora Ribero,演员,1,False,0,0,
WP:Chew_Kin_Wah,Chew Kin Wah,演员,1,False,0,0,
NAME:Collider,Collider,演员,1,False,0,0,
NAME:DJ卡利,DJ卡利,演员,1,False,0,0,
NAME:DJ松永（Creepy Nuts）,DJ松永（Creepy Nuts）,演员,1,False,0,0,
NAME:Deadline Hollywood,Deadline Hollywood,演员,2,False,0,0,
Q15291033,FKA Twigs,演员,1,True,396,5046,https://zh.wikipedia.org/wiki/FKA_Twigs
NAME:Fangoria,Fangoria,演员,1,False,0,0,
Q181936,F·莫瑞·亚伯拉罕,演员,1,True,119,8277,https://zh.wikipedia.org/wiki/F%C2%B7%E8%8E%AB%E7%91%9E%C2%B7%E4%BA%9E%E4%BC%AF%E6%8B%89%E7%BD%95
NAME:Gulf News,Gulf News,演员,1,False,0,0,
NAME:IndieWire,IndieWire,演员,1,False,0,0,
WP:Jonathan_Sagall,Jonathan Sagall,演员,1,False,0,0,
NAME:J·D·帕尔多,J·D·帕尔多,演员,1,False,0,0,
Q150482,J·K·西蒙斯,演员,2,True,296,13096,https://zh.wikipedia.org/wiki/J%C2%B7K%C2%B7%E8%A5%BF%E8%92%99%E6%96%AF
Q19848,Lady Gaga,演员,1,True,1540,164556,https://zh.wikipedia.org/wiki/Lady_Gaga
Q60229344,MIRROR (组合),演员,1,True,581,181803,https://zh.wikipedia.org/wiki/MIRROR_(%E7%B5%84%E5%90%88)
NAME:P. J.拜恩,P. J.拜恩,演员,1,False,0,0,
Q30072039,Quavo,演员,1,True,240,1165,https://zh.wikipedia.org/wiki/Quavo
NAME:The Escapist,The Escapist,演员,1,False,0,0,
NAME:USA Today,USA Today,演员,1,False,0,0,
NAME:thumb|[[大卫·霍华德·桑顿,thumb|[[大卫·霍华德·桑顿,演员,1,False,0,0,
NAME:}},}},演员,12,False,0,0,
NAME:丁 羽,丁 羽,演员,1,False,0,0,
Q17504174,丁海寅,演员,1,True,153,54141,https://zh.wikipedia.org/wiki/%E4%B8%81%E6%B5%B7%E5%AF%85
Q22126767,七濑彩夏,演员,1,True,81,17322,https://zh.wikipedia.org/wiki/%E4%B8%83%E7%80%A8%E5%BD%A9%E5%A4%8F
Q557272,万桑·蓝东,演员,1,True,183,2797,https://zh.wikipedia.org/wiki/%E8%90%AC%E6%A1%91%C2%B7%E8%97%8D%E6%9D%B1
WP:9469514,万洛·隆甘迦,演员,1,True,178,1653,https://zh.wikipedia.org/wiki/%E8%90%AC%E6%B4%9B%C2%B7%E9%9A%86%E7%94%98%E8%BF%A6
WP:三亚·库纳空,三亚·库纳空,演员,1,False,0,0,
Q2779622,三宅健太,演员,1,True,101,33770,https://zh.wikipedia.org/wiki/%E4%B8%89%E5%AE%85%E5%81%A5%E5%A4%AA
Q37001,三船敏郎,演员,1,True,107,6751,https://zh.wikipedia.org/wiki/%E4%B8%89%E8%88%B9%E6%95%8F%E9%83%8E
Q16264425,上田丽奈,演员,1,True,231,68686,https://zh.wikipedia.org/wiki/%E4%B8%8A%E7%94%B0%E9%BA%97%E5%A5%88
Q229291,东妮·克莉蒂,演员,1,True,148,6397,https://zh.wikipedia.org/wiki/%E6%9D%B1%E5%A6%AE%C2%B7%E5%85%8B%E8%8E%89%E8%92%82
Q16237562,东尼·雷佛罗里,演员,1,True,216,2735,https://zh.wikipedia.org/wiki/%E6%9D%B1%E5%B0%BC%C2%B7%E9%9B%B7%E4%BD%9B%E7%BE%85%E9%87%8C
Q105258216,东达婉·丹缇维贾坤,演员,1,True,137,9609,https://zh.wikipedia.org/wiki/%E6%9D%B1%E9%81%94%E5%A9%89%C2%B7%E4%B8%B9%E7%B7%B9%E7%B6%AD%E8%B3%88%E5%9D%A4
Q984641,中村悠一,演员,1,True,104,60559,https://zh.wikipedia.org/wiki/%E4%B8%AD%E6%9D%91%E6%82%A0%E4%B8%80
Q958385,丹·史蒂文斯,演员,2,True,74,8343,https://zh.wikipedia.org/wiki/%E4%B8%B9%C2%B7%E5%8F%B2%E8%92%82%E6%96%87%E6%96%AF
Q1252051,丹·布卡廷斯基,演员,1,True,93,1125,https://zh.wikipedia.org/wiki/%E4%B8%B9%C2%B7%E5%B8%83%E5%8D%A1%E5%BB%B7%E6%96%AF%E5%9F%BA
Q105221,丹·艾克洛德,演员,1,True,516,11559,https://zh.wikipedia.org/wiki/%E4%B8%B9%C2%B7%E8%89%BE%E5%85%8B%E6%B4%9B%E5%BE%B7
NAME:丹增达拉,丹增达拉,演员,1,False,0,0,
Q23058828,丹妮尔·戴德维勒,演员,3,True,304,7956,https://zh.wikipedia.org/wiki/%E4%B8%B9%E5%A6%AE%E7%88%BE%C2%B7%E6%88%B4%E5%BE%B7%E7%B6%AD%E5%8B%92
Q51883189,丹妮拉·梅尔基奥,演员,1,True,81,6669,https://zh.wikipedia.org/wiki/%E4%B8%B9%E5%A6%AE%E6%8B%89%C2%B7%E6%A2%85%E7%88%BE%E5%9F%BA%E5%A5%A7
Q357762,丹尼·休斯顿,演员,3,True,513,4269,https://zh.wikipedia.org/wiki/%E4%B8%B9%E5%B0%BC%C2%B7%E4%BC%91%E6%96%AF%E9%A0%93
Q89552,丹尼·努奇,演员,1,True,47,1953,https://zh.wikipedia.org/wiki/%E4%B8%B9%E5%B0%BC%C2%B7%E5%8A%AA%E5%A5%87
Q4547,丹尼尔·克雷格,演员,1,True,876,71202,https://zh.wikipedia.org/wiki/%E4%B8%B9%E5%B0%BC%E5%B0%94%C2%B7%E5%85%8B%E9%9B%B7%E6%A0%BC
Q58592,丹尼尔·布尔,演员,2,True,137,6234,https://zh.wikipedia.org/wiki/%E4%B8%B9%E5%B0%BC%E7%88%BE%C2%B7%E5%B8%83%E7%88%BE
NAME:丹尼尔·柏哈兹,丹尼尔·柏哈兹,演员,1,False,0,0,
Q529413,丹尼尔·海尼,演员,1,True,151,6837,https://zh.wikipedia.org/wiki/%E4%B8%B9%E5%B0%BC%E7%88%BE%C2%B7%E6%B5%B7%E5%B0%BC
NAME:丹尼尔·罗布克,丹尼尔·罗布克,演员,1,False,0,0,
Q200768,丹尼斯·奎德,演员,1,True,217,7303,https://zh.wikipedia.org/wiki/%E4%B8%B9%E5%B0%BC%E6%96%AF%C2%B7%E5%A5%8E%E5%BE%B7
NAME:丹尼斯·法里纳,丹尼斯·法里纳,演员,1,False,0,0,
NAME:丹恩·德翰,丹恩·德翰,演员,1,False,0,0,
Q42101,丹泽尔·华盛顿,演员,1,True,282,14136,https://zh.wikipedia.org/wiki/%E4%B8%B9%E6%B3%BD%E5%B0%94%C2%B7%E5%8D%8E%E7%9B%9B%E9%A1%BF
Q1866182,丽芙·丽莎·弗里斯,演员,1,True,217,1025,https://zh.wikipedia.org/wiki/%E4%B8%BD%E8%8A%99%C2%B7%E4%B8%BD%E8%8E%8E%C2%B7%E5%BC%97%E9%87%8C%E6%96%AF
Q287596,丽莎·拉琵拉,演员,1,True,201,1254,https://zh.wikipedia.org/wiki/%E9%BA%97%E8%8E%8E%C2%B7%E6%8B%89%E7%90%B5%E6%8B%89
Q4947838,丽贝卡·弗格森,演员,1,True,157,22236,https://zh.wikipedia.org/wiki/%E4%B8%BD%E8%B4%9D%E5%8D%A1%C2%B7%E5%BC%97%E6%A0%BC%E6%A3%AE
NAME:丽贝卡·德·莫妮,丽贝卡·德·莫妮,演员,1,False,0,0,
Q230534,丽贝卡·豪尔,演员,1,True,831,23707,https://zh.wikipedia.org/wiki/%E4%B8%BD%E8%B4%9D%E5%8D%A1%C2%B7%E8%B1%AA%E5%B0%94
NAME:乌佐·阿杜巴,乌佐·阿杜巴,演员,1,False,0,0,
Q250878,乌拉萨雅·斯帕邦德,演员,1,True,258,7903,https://zh.wikipedia.org/wiki/%E4%B9%8C%E6%8B%89%E8%90%A8%E9%9B%85%C2%B7%E6%96%AF%E5%B8%95%E9%82%A6%E5%BE%B7
Q125017,乌玛·瑟曼,演员,2,True,57,8114,https://zh.wikipedia.org/wiki/%E4%B9%8C%E7%8E%9B%C2%B7%E7%91%9F%E6%9B%BC
Q125017,乌玛·瑟曼,演员,1,True,57,8114,https://zh.wikipedia.org/wiki/%E4%B9%8C%E7%8E%9B%C2%B7%E7%91%9F%E6%9B%BC
Q2632981,乌苏拉·可贝萝,演员,1,True,198,32058,https://zh.wikipedia.org/wiki/%E7%83%8F%E8%98%87%E6%8B%89%C2%B7%E5%8F%AF%E8%B2%9D%E8%98%BF
Q131436107,乌萨·萨梅坎姆,演员,1,True,94,5032,https://zh.wikipedia.org/wiki/%E4%B9%8C%E8%90%A8%C2%B7%E8%90%A8%E6%A2%85%E5%9D%8E%E5%A7%86
Q20178,乔·佩西,演员,1,True,297,11988,https://zh.wikipedia.org/wiki/%E4%B9%94%C2%B7%E4%BD%A9%E8%A5%BF
Q27440303,乔·欧文,演员,2,True,147,13139,https://zh.wikipedia.org/wiki/%E5%96%AC%C2%B7%E6%AD%90%E6%96%87
NAME:乔·汉姆,乔·汉姆,演员,1,False,0,0,
Q313107,乔·汉姆,演员,1,True,112,44123,https://zh.wikipedia.org/wiki/%E5%96%AC%C2%B7%E6%BC%A2%E5%A7%86
NAME:乔·潘托利亚诺,乔·潘托利亚诺,演员,1,False,0,0,
Q296883,乔·潘托利亚诺,演员,1,True,75,2973,https://zh.wikipedia.org/wiki/%E5%96%AC%C2%B7%E6%BD%98%E6%89%98%E5%88%A9%E4%BA%9E%E8%AB%BE
NAME:乔·特科尔,乔·特科尔,演员,1,False,0,0,
NAME:乔·阿布拉汉姆斯,乔·阿布拉汉姆斯,演员,1,False,0,0,
NAME:乔丹·贝尔福特,乔丹·贝尔福特,演员,1,False,0,0,
Q112536,乔伊·金,演员,3,True,174,4148,https://zh.wikipedia.org/wiki/%E5%96%AC%E4%BC%8A%C2%B7%E9%87%91
NAME:乔伊·金,乔伊·金,演员,1,False,0,0,
NAME:乔伊纳·卢卡斯,乔伊纳·卢卡斯,演员,1,False,0,0,
Q19956730,乔吉娜·坎贝尔,演员,1,True,229,8961,https://zh.wikipedia.org/wiki/%E5%96%AC%E5%90%89%E5%A8%9C%C2%B7%E5%9D%8E%E8%B2%9D%E7%88%BE
NAME:乔安娜·卡西迪,乔安娜·卡西迪,演员,1,False,0,0,
NAME:乔安娜·拉姆利,乔安娜·拉姆利,演员,1,False,0,0,
WP:乔尼卡·T·吉布斯,乔尼卡·T·吉布斯,演员,1,False,0,0,
NAME:乔希·潘斯,乔希·潘斯,演员,1,False,0,0,
NAME:乔治·伯吉斯,乔治·伯吉斯,演员,1,False,0,0,
Q177311,乔瑟夫·高登-李维,演员,3,True,631,15138,https://zh.wikipedia.org/wiki/%E5%96%AC%E7%91%9F%E5%A4%AB%C2%B7%E9%AB%98%E7%99%BB-%E6%9D%8E%E7%B6%AD
Q177311,乔瑟夫·高登-李维,演员,1,True,631,15138,https://zh.wikipedia.org/wiki/%E5%96%AC%E7%91%9F%E5%A4%AB%C2%B7%E9%AB%98%E7%99%BB-%E6%9D%8E%E7%B6%AD
NAME:乔瑟夫·高登·拉维特,乔瑟夫·高登·拉维特,演员,1,False,0,0,
NAME:乔瓦尼·瑞比西,乔瓦尼·瑞比西,演员,1,False,0,0,
Q313388,乔纳·希尔,演员,1,True,195,16791,https://zh.wikipedia.org/wiki/%E5%96%AC%E7%B4%8D%C2%B7%E5%B8%8C%E7%88%BE
NAME:乔纳森·海德,乔纳森·海德,演员,1,False,0,0,
Q435468,乔纳森·海德,演员,1,True,65,3760,https://zh.wikipedia.org/wiki/%E4%B9%94%E7%BA%B3%E6%A3%AE%C2%B7%E6%B5%B7%E5%BE%B7
NAME:乔西·佩克,乔西·佩克,演员,1,False,0,0,
Q472282,乔西·查尔斯,演员,1,True,162,1765,https://zh.wikipedia.org/wiki/%E5%96%AC%E8%A5%BF%C2%B7%E6%9F%A5%E7%88%BE%E6%96%AF
NAME:乔许·史都华,乔许·史都华,演员,1,False,0,0,
Q217004,乔许·哈却森,演员,1,True,235,7032,https://zh.wikipedia.org/wiki/%E5%96%AC%E8%A8%B1%C2%B7%E5%93%88%E5%8D%BB%E6%A3%AE
Q303957,乔许·哈奈特,演员,1,True,217,8607,https://zh.wikipedia.org/wiki/%E5%96%AC%E8%A8%B1%C2%B7%E5%93%88%E5%A5%88%E7%89%B9
NAME:乔许·哈奈特,乔许·哈奈特,演员,1,False,0,0,
Q41396,乔许·布洛林,演员,1,True,374,23530,https://zh.wikipedia.org/wiki/%E5%96%AC%E8%A8%B1%C2%B7%E5%B8%83%E6%B4%9B%E6%9E%97
Q27898655,乔许·欧康纳,演员,1,True,193,9358,https://zh.wikipedia.org/wiki/%E5%96%AC%E8%A8%B1%C2%B7%E6%AD%90%E5%BA%B7%E7%B4%8D
NAME:乔许·祖克曼,乔许·祖克曼,演员,1,False,0,0,
NAME:乔许·赫尔曼,乔许·赫尔曼,演员,1,False,0,0,
Q597515,乔许·霍普金斯,演员,1,True,127,792,https://zh.wikipedia.org/wiki/%E5%96%AC%E8%A8%B1%C2%B7%E9%9C%8D%E6%99%AE%E9%87%91%E6%96%AF
NAME:乔雅·福克斯,乔雅·福克斯,演员,1,False,0,0,
NAME:于适,于适,演员,1,False,0,0,
Q123329064,于适,演员,1,True,122,8490,https://zh.wikipedia.org/wiki/%E4%BA%8E%E9%80%82
NAME:云靖云,云靖云,演员,1,False,0,0,
NAME:亚伦·强森,亚伦·强森,演员,1,False,0,0,
Q45923,亚伦·泰勒-强森,演员,1,True,169,8958,https://zh.wikipedia.org/wiki/%E4%BA%9E%E5%80%AB%C2%B7%E6%B3%B0%E5%8B%92-%E5%BC%B7%E6%A3%AE
Q45923,亚伦·泰勒-强森,演员,2,True,169,8958,https://zh.wikipedia.org/wiki/%E4%BA%9E%E5%80%AB%C2%B7%E6%B3%B0%E5%8B%92-%E5%BC%B7%E6%A3%AE
Q106828532,亚伦·皮埃尔,演员,2,True,202,7869,https://zh.wikipedia.org/wiki/%E4%BA%9E%E5%80%AB%C2%B7%E7%9A%AE%E5%9F%83%E7%88%BE
NAME:亚努皮·迪赛,亚努皮·迪赛,演员,1,False,0,0,
NAME:亚历·鲍德温,亚历·鲍德温,演员,1,False,0,0,
Q295592,亚历克斯·帕蒂弗,演员,1,True,142,5891,https://zh.wikipedia.org/wiki/%E4%BA%9E%E6%AD%B7%E5%85%8B%E6%96%AF%C2%B7%E5%B8%95%E8%92%82%E5%BC%97
NAME:亚历克斯·霍（）,亚历克斯·霍（）,演员,1,False,0,0,
Q2376200,亚历克赛·席列布瑞亚柯夫,演员,1,True,243,6644,https://zh.wikipedia.org/wiki/%E4%BA%9E%E6%AD%B7%E5%85%8B%E8%B3%BD%C2%B7%E5%B8%AD%E5%88%97%E5%B8%83%E7%91%9E%E4%BA%9E%E6%9F%AF%E5%A4%AB
Q350601,亚历山大·路德韦格,演员,1,True,122,4066,https://zh.wikipedia.org/wiki/%E4%BA%9E%E6%AD%B7%E5%B1%B1%E5%A4%A7%C2%B7%E8%B7%AF%E5%BE%B7%E9%9F%8B%E6%A0%BC
Q350424,亚历桑德罗·尼沃拉,演员,3,True,55,11045,https://zh.wikipedia.org/wiki/%E4%BA%9A%E5%8E%86%E6%A1%91%E5%BE%B7%E7%BD%97%C2%B7%E5%B0%BC%E6%B2%83%E6%8B%89
Q132952,亚当·山德勒,演员,1,True,125,10146,https://zh.wikipedia.org/wiki/%E4%BA%9E%E7%95%B6%C2%B7%E5%B1%B1%E5%BE%B7%E5%8B%92
Q4678990,亚当·崔佛,演员,1,True,431,24713,https://zh.wikipedia.org/wiki/%E4%BA%9E%E7%95%B6%C2%B7%E5%B4%94%E4%BD%9B
Q350589,亚当·帕利,演员,1,True,129,2715,https://zh.wikipedia.org/wiki/%E4%BA%9E%E7%95%B6%C2%B7%E5%B8%95%E5%88%A9
Q281964,亚当·戈德堡,演员,1,True,104,1305,https://zh.wikipedia.org/wiki/%E4%BA%9E%E7%95%B6%C2%B7%E6%88%88%E5%BE%B7%E5%A0%A1
NAME:亚当·戈德堡,亚当·戈德堡,演员,1,False,0,0,
Q201842,亚当·斯科特 (演员),演员,1,True,177,13155,https://zh.wikipedia.org/wiki/%E4%BA%9E%E7%95%B6%C2%B7%E6%96%AF%E7%A7%91%E7%89%B9_(%E6%BC%94%E5%93%A1)
NAME:亚曼达·普拉玛,亚曼达·普拉玛,演员,1,False,0,0,
Q27733932,亚莉安娜·黛博塞,演员,2,True,350,11089,https://zh.wikipedia.org/wiki/%E4%BA%9E%E8%8E%89%E5%AE%89%E5%A8%9C%C2%B7%E9%BB%9B%E5%8D%9A%E5%A1%9E
Q295498,亨利·卡维尔,演员,2,True,440,38342,https://zh.wikipedia.org/wiki/%E4%BA%A8%E5%88%A9%C2%B7%E5%8D%A1%E7%B6%AD%E7%88%BE
Q39072280,亨利·高汀,演员,1,True,108,12801,https://zh.wikipedia.org/wiki/%E4%BA%A8%E5%88%A9%C2%B7%E9%AB%98%E6%B1%80
Q110404775,仁科 (音乐人),演员,1,True,68,1229,https://zh.wikipedia.org/wiki/%E4%BB%81%E7%A7%91_(%E9%9F%B3%E4%B9%90%E4%BA%BA)
NAME:代少波,代少波,演员,1,False,0,0,
Q65054167,代斯,演员,1,True,92,2851,https://zh.wikipedia.org/wiki/%E4%BB%A3%E6%96%AF
Q78123456,任敏,演员,1,True,91,9945,https://zh.wikipedia.org/wiki/%E4%BB%BB%E6%95%8F
NAME:任贤齐,任贤齐,演员,1,False,0,0,
Q1200110,任贤齐,演员,1,True,63,39825,https://zh.wikipedia.org/wiki/%E4%BB%BB%E8%B3%A2%E9%BD%8A
Q191644,伊娃·格莲,演员,1,True,652,47168,https://zh.wikipedia.org/wiki/%E4%BC%8A%E5%A8%83%C2%B7%E6%A0%BC%E8%93%AE
Q342604,伊德瑞斯·艾尔巴,演员,1,True,371,13397,https://zh.wikipedia.org/wiki/%E4%BC%8A%E5%BE%B7%E7%91%9E%E6%96%AF%C2%B7%E8%89%BE%E5%B0%94%E5%B7%B4
Q438641,伊恩·哈丁,演员,1,True,93,3984,https://zh.wikipedia.org/wiki/%E4%BC%8A%E6%81%A9%C2%B7%E5%93%88%E4%B8%81
NAME:伊恩·葛鲁佛,伊恩·葛鲁佛,演员,1,False,0,0,
Q234141,伊恩·麦克夏恩,演员,1,True,268,7522,https://zh.wikipedia.org/wiki/%E4%BC%8A%E6%81%A9%C2%B7%E9%BA%A5%E5%85%8B%E5%A4%8F%E6%81%A9
NAME:伊森·索普,伊森·索普,演员,1,False,0,0,
Q5362676,伊莉莎白·戴比基,演员,1,True,119,9373,https://zh.wikipedia.org/wiki/%E4%BC%8A%E8%8E%89%E8%8E%8E%E7%99%BD%C2%B7%E6%88%B4%E6%AF%94%E5%9F%BA
Q237053,伊莎贝拉·弗尔曼,演员,2,True,122,5598,https://zh.wikipedia.org/wiki/%E4%BC%8A%E8%8E%8E%E8%B4%9D%E6%8B%89%C2%B7%E5%BC%97%E5%B0%94%E6%9B%BC
Q203840,伊莎贝拉·罗塞里尼,演员,2,True,185,6937,https://zh.wikipedia.org/wiki/%E4%BC%8A%E8%8E%8E%E8%B2%9D%E6%8B%89%C2%B7%E7%BE%85%E5%A1%9E%E9%87%8C%E5%B0%BC
Q20830731,伊莎贝拉·莫娜,演员,2,True,137,7928,https://zh.wikipedia.org/wiki/%E4%BC%8A%E8%8E%8E%E8%B2%9D%E6%8B%89%C2%B7%E8%8E%AB%E5%A8%9C
NAME:伊莱耶斯·加贝尔,伊莱耶斯·加贝尔,演员,1,False,0,0,
Q1342843,伊萨赫·德·班克尔,演员,1,True,120,9238,https://zh.wikipedia.org/wiki/%E4%BC%8A%E8%96%A9%E8%B5%AB%C2%B7%E5%BE%B7%C2%B7%E7%8F%AD%E5%85%8B%E7%88%BE
Q7184140,伍允龙,演员,2,True,142,18834,https://zh.wikipedia.org/wiki/%E4%BC%8D%E5%85%81%E9%BE%8D
Q201279,伍迪·哈里森,演员,1,True,240,60018,https://zh.wikipedia.org/wiki/%E4%BC%8D%E8%BF%AA%C2%B7%E5%93%88%E9%87%8C%E6%A3%AE
Q155775,休·博内威利,演员,1,True,78,1705,https://zh.wikipedia.org/wiki/%E4%BC%91%C2%B7%E5%8D%9A%E5%85%A7%E5%A8%81%E5%88%A9
Q129591,休·杰克曼,演员,2,True,156,35639,https://zh.wikipedia.org/wiki/%E4%BC%91%C2%B7%E5%82%91%E5%85%8B%E6%9B%BC
Q163286,休·格兰特 (演员),演员,1,True,157,8841,https://zh.wikipedia.org/wiki/%E4%BC%91%C2%B7%E6%A0%BC%E8%98%AD%E7%89%B9_(%E6%BC%94%E5%93%A1)
NAME:伯恩·戈曼,伯恩·戈曼,演员,1,False,0,0,
Q190162,佐伊·索尔达娜,演员,1,True,251,15397,https://zh.wikipedia.org/wiki/%E4%BD%90%E4%BC%8A%C2%B7%E7%B4%A2%E5%B0%94%E8%BE%BE%E5%A8%9C
NAME:佐藤二朗,佐藤二朗,演员,1,False,0,0,
NAME:何华超,何华超,演员,1,False,0,0,
Q58182303,何启华,演员,1,True,138,28323,https://zh.wikipedia.org/wiki/%E4%BD%95%E5%95%9F%E8%8F%AF
NAME:何思静,何思静,演员,1,False,0,0,
Q15909580,何瑷芸,演员,1,True,163,7595,https://zh.wikipedia.org/wiki/%E4%BD%95%E7%92%A6%E8%8A%B8
WP:何裕天,何裕天,演员,1,False,0,0,
NAME:何雪晴,何雪晴,演员,1,False,0,0,
Q267026,余男,演员,1,True,62,6680,https://zh.wikipedia.org/wiki/%E4%BD%99%E7%94%B7
NAME:余达志,余达志,演员,1,False,0,0,
Q104902570,佛列德·海辛尔,演员,3,True,135,3996,https://zh.wikipedia.org/wiki/%E4%BD%9B%E5%88%97%E5%BE%B7%C2%B7%E6%B5%B7%E8%BE%9B%E7%88%BE
Q54860781,佛洛里安·蒙特亚努,演员,1,True,160,2762,https://zh.wikipedia.org/wiki/%E4%BD%9B%E6%B4%9B%E9%87%8C%E5%AE%89%C2%B7%E8%92%99%E7%89%B9%E4%BA%9E%E5%8A%AA
Q22277803,佛萝伦丝·普伊,演员,2,True,233,15413,https://zh.wikipedia.org/wiki/%E4%BD%9B%E8%98%BF%E5%80%AB%E7%B5%B2%C2%B7%E6%99%AE%E4%BC%8A
Q7820932,佟丽娅,演员,1,True,153,25857,https://zh.wikipedia.org/wiki/%E4%BD%9F%E9%BA%97%E5%A9%AD
NAME:佟丽娅,佟丽娅,演员,1,False,0,0,
Q7820932,佟丽娅,演员,2,True,153,25857,https://zh.wikipedia.org/wiki/%E4%BD%9F%E9%BA%97%E5%A9%AD
Q109986660,佩吉·陆,演员,1,True,419,6766,https://zh.wikipedia.org/wiki/%E4%BD%A9%E5%90%89%C2%B7%E9%99%B8
Q14752155,佩德罗·帕斯卡,演员,1,True,396,13050,https://zh.wikipedia.org/wiki/%E4%BD%A9%E5%BE%B7%E7%BE%85%C2%B7%E5%B8%95%E6%96%AF%E5%8D%A1
NAME:侯彦西,侯彦西,演员,1,False,0,0,
NAME:保罗·加法叶,保罗·加法叶,演员,1,False,0,0,
Q26921822,保罗·华特·豪泽,演员,3,True,192,7815,https://zh.wikipedia.org/wiki/%E4%BF%9D%E7%BE%85%C2%B7%E8%8F%AF%E7%89%B9%C2%B7%E8%B1%AA%E6%BE%A4
NAME:保罗·吉亚玛提,保罗·吉亚玛提,演员,1,False,0,0,
Q242707,保罗·彼特尼,演员,1,True,80,5863,https://zh.wikipedia.org/wiki/%E4%BF%9D%E7%BE%85%C2%B7%E5%BD%BC%E7%89%B9%E5%B0%BC
Q447892,保罗·索维诺,演员,1,True,327,5184,https://zh.wikipedia.org/wiki/%E4%BF%9D%E7%BE%85%C2%B7%E7%B4%A2%E7%B6%AD%E8%AB%BE
Q430922,保罗·莱瑟,演员,1,True,112,1489,https://zh.wikipedia.org/wiki/%E4%BF%9D%E7%BE%85%C2%B7%E8%90%8A%E7%91%9F
Q276525,保罗·路德,演员,1,True,306,17026,https://zh.wikipedia.org/wiki/%E4%BF%9D%E7%BE%85%C2%B7%E8%B7%AF%E5%BE%B7
Q343616,保罗·迪诺,演员,1,True,236,11078,https://zh.wikipedia.org/wiki/%E4%BF%9D%E7%BE%85%C2%B7%E8%BF%AA%E8%AB%BE
Q73367368,保罗·麦斯卡,演员,1,True,276,10743,https://zh.wikipedia.org/wiki/%E4%BF%9D%E7%BD%97%C2%B7%E9%BA%A6%E6%96%AF%E5%8D%A1
Q1138444,倍赏千惠子,演员,1,True,175,4162,https://zh.wikipedia.org/wiki/%E5%80%8D%E8%B3%9E%E5%8D%83%E6%83%A0%E5%AD%90
Q3135165,倪妮,演员,2,True,92,17335,https://zh.wikipedia.org/wiki/%E5%80%AA%E5%A6%AE
Q76478,克丝汀·邓斯特,演员,1,True,831,81792,https://zh.wikipedia.org/wiki/%E5%85%8B%E7%B5%B2%E6%B1%80%C2%B7%E9%84%A7%E6%96%AF%E7%89%B9
Q4488,克兰西·布朗,演员,1,True,177,17992,https://zh.wikipedia.org/wiki/%E5%85%8B%E8%98%AD%E8%A5%BF%C2%B7%E5%B8%83%E6%9C%97
Q113206,克拉克·格雷格,演员,1,True,539,45148,https://zh.wikipedia.org/wiki/%E5%85%8B%E6%8B%89%E5%85%8B%C2%B7%E6%A0%BC%E9%9B%B7%E6%A0%BC
Q126599,克莉丝汀·史都华,演员,1,True,288,42801,https://zh.wikipedia.org/wiki/%E5%85%8B%E8%8E%89%E7%B5%B2%E6%B1%80%C2%B7%E5%8F%B2%E9%83%BD%E8%8F%AF
Q38238309,克莉丝汀·弗洛赛斯,演员,1,True,175,16346,https://zh.wikipedia.org/wiki/%E5%85%8B%E8%8E%89%E7%B5%B2%E6%B1%80%C2%B7%E5%BC%97%E6%B4%9B%E8%B3%BD%E6%96%AF
Q229176,克莉丝汀·戴维斯,演员,1,True,83,4706,https://zh.wikipedia.org/wiki/%E5%85%8B%E8%8E%89%E7%B5%B2%E6%B1%80%C2%B7%E6%88%B4%E7%B6%AD%E6%96%AF
NAME:克莉丝汀·米利欧提,克莉丝汀·米利欧提,演员,1,False,0,0,
Q231382,克莉丝汀·薇格,演员,1,True,297,9622,https://zh.wikipedia.org/wiki/%E5%85%8B%E8%8E%89%E7%B5%B2%E6%B1%80%C2%B7%E8%96%87%E6%A0%BC
Q231811,克莉丝汀·钱诺维斯,演员,1,True,105,18320,https://zh.wikipedia.org/wiki/%E5%85%8B%E8%8E%89%E7%B5%B2%E6%B1%80%C2%B7%E9%8C%A2%E8%AB%BE%E7%B6%AD%E6%96%AF
Q5565254,克莱斯·邦,演员,1,True,217,14147,https://zh.wikipedia.org/wiki/%E5%85%8B%E8%90%8A%E6%96%AF%C2%B7%E9%82%A6
Q258793,克莱斯汀·瑞特,演员,1,True,184,11524,https://zh.wikipedia.org/wiki/%E5%85%8B%E8%90%8A%E6%96%AF%E6%B1%80%C2%B7%E7%91%9E%E7%89%B9
Q108489502,克萝伊·贝莉,演员,1,True,162,12502,https://zh.wikipedia.org/wiki/%E5%85%8B%E8%98%BF%E4%BC%8A%C2%B7%E8%B2%9D%E8%8E%89
Q178348,克里斯·埃文斯,演员,1,True,395,24121,https://zh.wikipedia.org/wiki/%E5%85%8B%E9%87%8C%E6%96%AF%C2%B7%E5%9F%83%E6%96%87%E6%96%AF
Q503706,克里斯·普瑞特,演员,1,True,411,27696,https://zh.wikipedia.org/wiki/%E5%85%8B%E9%87%8C%E6%96%AF%C2%B7%E6%99%AE%E7%91%9E%E7%89%B9
Q44144,克里斯·杰利可,演员,1,True,512,4588,https://zh.wikipedia.org/wiki/%E5%85%8B%E9%87%8C%E6%96%AF%C2%B7%E5%82%91%E5%88%A9%E5%8F%AF
Q1077549,克里斯·梅希纳,演员,1,True,362,2082,https://zh.wikipedia.org/wiki/%E5%85%8B%E9%87%8C%E6%96%AF%C2%B7%E6%A2%85%E5%B8%8C%E7%B4%8D
Q54314,克里斯·海姆斯沃斯,演员,2,True,345,10864,https://zh.wikipedia.org/wiki/%E5%85%8B%E9%87%8C%E6%96%AF%C2%B7%E6%B5%B7%E5%A7%86%E6%96%AF%E6%B2%83%E6%96%AF
Q21196625,克里斯·苏利文 (演员),演员,1,True,147,5983,https://zh.wikipedia.org/wiki/%E5%85%8B%E9%87%8C%E6%96%AF%C2%B7%E8%98%87%E5%88%A9%E6%96%87_(%E6%BC%94%E5%93%A1)
Q6438398,克里斯多佛·希夫哲,演员,1,True,163,2158,https://zh.wikipedia.org/wiki/%E5%85%8B%E9%87%8C%E6%96%AF%E5%A4%9A%E4%BD%9B%C2%B7%E5%B8%8C%E5%A4%AB%E5%93%B2
NAME:克里斯多夫·华肯,克里斯多夫·华肯,演员,1,False,0,0,
NAME:克里斯多福·邓汉,克里斯多福·邓汉,演员,1,False,0,0,
Q185051,克里斯托弗·沃肯,演员,1,True,220,4289,https://zh.wikipedia.org/wiki/%E5%85%8B%E9%87%8C%E6%96%AF%E6%89%98%E5%BC%97%C2%B7%E6%B2%83%E8%82%AF
Q185051,克里斯托弗·沃肯,演员,1,True,220,4289,https://zh.wikipedia.org/wiki/%E5%85%8B%E9%87%8C%E6%96%AF%E6%89%98%E5%BC%97%C2%B7%E6%B2%83%E8%82%AF
Q76819,克里斯托弗·瓦尔兹,演员,2,True,242,18123,https://zh.wikipedia.org/wiki/%E5%85%8B%E9%87%8C%E6%96%AF%E6%89%98%E5%BC%97%C2%B7%E7%93%A6%E5%B0%94%E5%85%B9
Q5111829,克里斯托福·阿波特,演员,1,True,101,1831,https://zh.wikipedia.org/wiki/%E5%85%8B%E9%87%8C%E6%96%AF%E6%89%98%E7%A6%8F%C2%B7%E9%98%BF%E6%B3%A2%E7%89%B9
Q272927,克里斯汀·沙尔,演员,1,True,168,1016,https://zh.wikipedia.org/wiki/%E5%85%8B%E9%87%8C%E6%96%AF%E6%B1%80%C2%B7%E6%B2%99%E7%88%BE
Q45772,克里斯汀·贝尔,演员,2,True,519,108181,https://zh.wikipedia.org/wiki/%E5%85%8B%E9%87%8C%E6%96%AF%E6%B1%80%C2%B7%E8%B2%9D%E7%88%BE
NAME:克里斯蒂娜·埃伯索尔,克里斯蒂娜·埃伯索尔,演员,1,False,0,0,
Q926912,克雷格·罗宾森,演员,1,True,205,2684,https://zh.wikipedia.org/wiki/%E5%85%8B%E9%9B%B7%E6%A0%BC%C2%B7%E7%BE%85%E8%B3%93%E6%A3%AE
Q2994624,入野自由,演员,1,True,202,36884,https://zh.wikipedia.org/wiki/%E5%85%A5%E9%87%8E%E8%87%AA%E7%94%B1
Q27953264,全余赟,演员,1,True,39,10711,https://zh.wikipedia.org/wiki/%E5%85%A8%E4%BD%99%E8%B4%87
Q267037,全道嬿,演员,1,True,137,51561,https://zh.wikipedia.org/wiki/%E5%85%A8%E9%81%93%E5%AC%BF
Q902879,兰威尔·辛格,演员,1,True,523,40739,https://zh.wikipedia.org/wiki/%E8%98%AD%E5%A8%81%E7%88%BE%C2%B7%E8%BE%9B%E6%A0%BC
Q85988162,兰拉薇·俄衮瓦拉瓦,演员,1,True,156,6141,https://zh.wikipedia.org/wiki/%E8%98%AD%E6%8B%89%E8%96%87%C2%B7%E4%BF%84%E8%A2%9E%E7%93%A6%E6%8B%89%E7%93%A6
Q17160276,关根明良,演员,1,True,88,27010,https://zh.wikipedia.org/wiki/%E9%97%9C%E6%A0%B9%E6%98%8E%E8%89%AF
Q445017,关继威,演员,1,True,214,13055,https://zh.wikipedia.org/wiki/%E9%97%9C%E7%B9%BC%E5%A8%81
Q28700273,具教焕,演员,1,True,175,12219,https://zh.wikipedia.org/wiki/%E5%85%B7%E6%95%99%E7%85%A5
NAME:内森·菲利安,内森·菲利安,演员,1,False,0,0,
Q9443146,冯允谦,演员,1,True,340,91309,https://zh.wikipedia.org/wiki/%E9%A6%AE%E5%85%81%E8%AC%99
WP:冯凯忆,冯凯忆,演员,1,False,0,0,
NAME:冯小刚,冯小刚,演员,1,False,0,0,
NAME:冯绍峰,冯绍峰,演员,2,False,0,0,
Q123174,凡妮莎·哈金斯,演员,1,True,257,5394,https://zh.wikipedia.org/wiki/%E5%87%A1%E5%A6%AE%E8%8E%8E%C2%B7%E5%93%88%E9%87%91%E6%96%AF
Q6159535,凡妮莎·寇比,演员,1,True,212,10556,https://zh.wikipedia.org/wiki/%E5%87%A1%E5%A6%AE%E8%8E%8E%C2%B7%E5%AF%87%E6%AF%94
Q231237,凯伦·吉兰,演员,1,True,166,4846,https://zh.wikipedia.org/wiki/%E5%87%AF%E4%BC%A6%C2%B7%E5%90%89%E5%85%B0
Q704395,凯尔·加纳,演员,1,True,285,2107,https://zh.wikipedia.org/wiki/%E5%87%B1%E7%88%BE%C2%B7%E5%8A%A0%E7%B4%8D
NAME:凯尔·钱德勒,凯尔·钱德勒,演员,1,False,0,0,
Q25144,凯文·史贝西,演员,1,True,780,54041,https://zh.wikipedia.org/wiki/%E5%87%B1%E6%96%87%C2%B7%E5%8F%B2%E8%B2%9D%E8%A5%BF
Q25144,凯文·史贝西,演员,1,True,780,54041,https://zh.wikipedia.org/wiki/%E5%87%B1%E6%96%87%C2%B7%E5%8F%B2%E8%B2%9D%E8%A5%BF
NAME:凯文·史贝西,凯文·史贝西,演员,1,False,0,0,
Q618352,凯文·哈特,演员,1,True,94,14169,https://zh.wikipedia.org/wiki/%E5%87%AF%E6%96%87%C2%B7%E5%93%88%E7%89%B9
Q320084,凯文·杜兰,演员,2,True,144,7507,https://zh.wikipedia.org/wiki/%E5%87%B1%E6%96%87%C2%B7%E6%9D%9C%E8%98%AD
Q3454165,凯文·贝肯,演员,1,True,259,5060,https://zh.wikipedia.org/wiki/%E5%87%AF%E6%96%87%C2%B7%E8%B4%9D%E8%82%AF
NAME:凯文·贝肯,凯文·贝肯,演员,1,False,0,0,
Q3454165,凯文·贝肯,演员,1,True,259,5060,https://zh.wikipedia.org/wiki/%E5%87%AF%E6%96%87%C2%B7%E8%B4%9D%E8%82%AF
NAME:凯文·麦克基德,凯文·麦克基德,演员,1,False,0,0,
Q433417,凯斯·卡拉定,演员,1,True,93,4774,https://zh.wikipedia.org/wiki/%E5%87%AF%E6%96%AF%C2%B7%E5%8D%A1%E6%8B%89%E5%AE%9A
Q370918,凯斯·大卫,演员,1,True,220,29365,https://zh.wikipedia.org/wiki/%E5%87%B1%E6%96%AF%C2%B7%E5%A4%A7%E8%A1%9B
Q80966,凯特·布兰切特,演员,1,True,285,87025,https://zh.wikipedia.org/wiki/%E5%87%AF%E7%89%B9%C2%B7%E5%B8%83%E5%85%B0%E5%88%87%E7%89%B9
Q202765,凯特·温丝蕾,演员,1,True,459,54842,https://zh.wikipedia.org/wiki/%E5%87%B1%E7%89%B9%C2%B7%E6%BA%AB%E7%B5%B2%E8%95%BE
Q257625,凯瑞·康顿,演员,1,True,292,5444,https://zh.wikipedia.org/wiki/%E5%87%AF%E7%91%9E%C2%B7%E5%BA%B7%E9%A1%BF
Q230378,凯瑟琳·基纳,演员,1,True,390,3044,https://zh.wikipedia.org/wiki/%E5%87%AF%E7%91%9F%E7%90%B3%C2%B7%E5%9F%BA%E7%BA%B3
Q233365,凯瑟琳·奥哈拉,演员,2,True,620,37659,https://zh.wikipedia.org/wiki/%E5%87%AF%E7%91%9F%E7%90%B3%C2%B7%E5%A5%A5%E5%93%88%E6%8B%89
Q165625,凯瑟琳·纽顿,演员,1,True,334,13161,https://zh.wikipedia.org/wiki/%E5%87%AF%E7%91%9F%E7%90%B3%C2%B7%E7%BA%BD%E9%A1%BF
Q206890,凯莉-安·摩丝,演员,1,True,79,7559,https://zh.wikipedia.org/wiki/%E5%87%B1%E8%8E%89-%E5%AE%89%C2%B7%E6%91%A9%E7%B5%B2
Q232104,凯莉·华盛顿,演员,1,True,454,11782,https://zh.wikipedia.org/wiki/%E5%87%AF%E8%8E%89%C2%B7%E5%8D%8E%E7%9B%9B%E9%A1%BF
Q17317909,凯莉·库恩,演员,1,True,329,5451,https://zh.wikipedia.org/wiki/%E5%87%B1%E8%8E%89%C2%B7%E5%BA%AB%E6%81%A9
Q236167,凯莉·雷利,演员,1,True,206,5929,https://zh.wikipedia.org/wiki/%E5%87%B1%E8%8E%89%C2%B7%E9%9B%B7%E5%88%A9
NAME:凯莉·霍特尔,凯莉·霍特尔,演员,1,False,0,0,
Q15222780,凯萨琳·华特斯顿,演员,1,True,197,8601,https://zh.wikipedia.org/wiki/%E5%87%B1%E8%96%A9%E7%90%B3%C2%B7%E8%8F%AF%E7%89%B9%E6%96%AF%E9%A0%93
NAME:凯萨琳·莫莉丝,凯萨琳·莫莉丝,演员,1,False,0,0,
Q104112057,凯蒂·奥布莱恩,演员,1,True,121,5999,https://zh.wikipedia.org/wiki/%E5%87%B1%E8%92%82%C2%B7%E5%A5%A7%E5%B8%83%E8%90%8A%E6%81%A9
NAME:凯蒂·奥布莱恩,凯蒂·奥布莱恩,演员,1,False,0,0,
NAME:凯西·艾佛列克,凯西·艾佛列克,演员,3,False,0,0,
Q544465,凯西·贝兹,演员,2,True,654,17273,https://zh.wikipedia.org/wiki/%E5%87%B1%E8%A5%BF%C2%B7%E8%B2%9D%E8%8C%B2
Q93608904,切斯·史多克斯,演员,1,True,165,14528,https://zh.wikipedia.org/wiki/%E5%88%87%E6%96%AF%C2%B7%E5%8F%B2%E5%A4%9A%E5%85%8B%E6%96%AF
Q317343,切瓦特·艾乔福,演员,1,True,274,8662,https://zh.wikipedia.org/wiki/%E5%88%87%E7%93%A6%E7%89%B9%C2%B7%E8%89%BE%E4%B9%94%E7%A6%8F
Q317343,切瓦特·艾乔福,演员,1,True,274,8662,https://zh.wikipedia.org/wiki/%E5%88%87%E7%93%A6%E7%89%B9%C2%B7%E8%89%BE%E4%B9%94%E7%A6%8F
Q127428013,刘丹 (1973年),演员,1,True,34,1833,https://zh.wikipedia.org/wiki/%E5%88%98%E4%B8%B9_(1973%E5%B9%B4)
NAME:刘亮佐,刘亮佐,演员,1,False,0,0,
Q32188633,刘俊谦 (香港),演员,3,True,41,20308,https://zh.wikipedia.org/wiki/%E5%8A%89%E4%BF%8A%E8%AC%99_(%E9%A6%99%E6%B8%AF)
NAME:刘冠宏,刘冠宏,演员,1,False,0,0,
NAME:刘冠廷,刘冠廷,演员,1,False,0,0,
Q706219,刘嘉玲,演员,1,True,123,31482,https://zh.wikipedia.org/wiki/%E5%8A%89%E5%98%89%E7%8E%B2
NAME:刘嘉玲,刘嘉玲,演员,1,False,0,0,
NAME:刘天欣,刘天欣,演员,1,False,0,0,
Q17487457,刘宰明,演员,2,True,92,9070,https://zh.wikipedia.org/wiki/%E5%8A%89%E5%AE%B0%E6%98%8E
NAME:刘小宁,刘小宁,演员,1,False,0,0,
Q16766,刘德华,演员,1,True,804,174024,https://zh.wikipedia.org/wiki/%E5%8A%89%E5%BE%B7%E8%8F%AF
NAME:刘德华,刘德华,演员,1,False,0,0,
Q16766,刘德华,演员,2,True,804,174024,https://zh.wikipedia.org/wiki/%E5%8A%89%E5%BE%B7%E8%8F%AF
NAME:刘思慕,刘思慕,演员,1,False,0,0,
Q24004849,刘思慕 (演员),演员,2,True,136,20986,https://zh.wikipedia.org/wiki/%E5%8A%89%E6%80%9D%E6%85%95_(%E6%BC%94%E5%93%A1)
NAME:刘斌,刘斌,演员,1,False,0,0,
Q22774261,刘昊然,演员,1,True,430,28051,https://zh.wikipedia.org/wiki/%E5%88%98%E6%98%8A%E7%84%B6
NAME:刘昊然,刘昊然,演员,1,False,0,0,
NAME:刘昌翰,刘昌翰,演员,1,False,0,0,
Q180252,刘易·布莱克,演员,1,True,165,2512,https://zh.wikipedia.org/wiki/%E5%8A%89%E6%98%93%C2%B7%E5%B8%83%E8%90%8A%E5%85%8B
Q489475,刘智泰,演员,1,True,105,4627,https://zh.wikipedia.org/wiki/%E5%8A%89%E6%99%BA%E6%B3%B0
Q8980850,刘桦,演员,1,True,71,3620,https://zh.wikipedia.org/wiki/%E5%88%98%E6%A1%A6
NAME:刘欢,刘欢,演员,1,False,0,0,
Q8259865,刘洋 (演员),演员,1,True,61,1030,https://zh.wikipedia.org/wiki/%E5%8A%89%E6%B4%8B_(%E6%BC%94%E5%93%A1)
Q700277,刘浩龙,演员,1,True,306,20803,https://zh.wikipedia.org/wiki/%E5%8A%89%E6%B5%A9%E9%BE%8D
Q717757,刘涛,演员,1,True,105,18851,https://zh.wikipedia.org/wiki/%E5%88%98%E6%B6%9B
Q188375,刘玉玲,演员,2,True,390,22286,https://zh.wikipedia.org/wiki/%E5%8A%89%E7%8E%89%E7%8E%B2
Q188375,刘玉玲,演员,1,True,390,22286,https://zh.wikipedia.org/wiki/%E5%8A%89%E7%8E%89%E7%8E%B2
Q104722206,刘耀文,演员,1,True,47,8171,https://zh.wikipedia.org/wiki/%E5%88%98%E8%80%80%E6%96%87
Q706660,刘若英,演员,1,True,420,35155,https://zh.wikipedia.org/wiki/%E5%88%98%E8%8B%A5%E8%8B%B1
NAME:刘萨萨,刘萨萨,演员,1,False,0,0,
NAME:刘金山,刘金山,演员,1,False,0,0,
Q17004267,刘雅瑟,演员,1,True,125,12459,https://zh.wikipedia.org/wiki/%E5%88%98%E9%9B%85%E7%91%9F
Q17004267,刘雅瑟,演员,1,True,125,12459,https://zh.wikipedia.org/wiki/%E5%88%98%E9%9B%85%E7%91%9F
Q707329,刘青云,演员,2,True,182,18333,https://zh.wikipedia.org/wiki/%E5%8A%89%E9%9D%92%E9%9B%B2
NAME:初音映莉子,初音映莉子,演员,1,False,0,0,
NAME:利兰·奥瑟,利兰·奥瑟,演员,1,False,0,0,
NAME:前作,前作,演员,1,False,0,0,
Q83492,加里·奥德曼,演员,1,True,128,11152,https://zh.wikipedia.org/wiki/%E5%8A%A0%E9%87%8C%C2%B7%E5%A5%A5%E5%BE%B7%E6%9B%BC
Q498632,加隈亚衣,演员,1,True,81,43981,https://zh.wikipedia.org/wiki/%E5%8A%A0%E9%9A%88%E4%BA%9E%E8%A1%A3
Q193048,劳伦斯·费许朋,演员,2,True,398,28854,https://zh.wikipedia.org/wiki/%E5%8B%9E%E5%80%AB%E6%96%AF%C2%B7%E8%B2%BB%E8%A8%B1%E6%9C%8B
NAME:劳尔·卡斯提洛,劳尔·卡斯提洛,演员,1,False,0,0,
Q9114254,包贝尔,演员,1,True,141,6416,https://zh.wikipedia.org/wiki/%E5%8C%85%E8%B4%9D%E5%B0%94
Q3547309,北林谷荣,演员,1,True,117,970,https://zh.wikipedia.org/wiki/%E5%8C%97%E6%9E%97%E8%B0%B7%E8%8D%A3
Q97197882,区嘉雯,演员,1,True,73,7084,https://zh.wikipedia.org/wiki/%E5%8D%80%E5%98%89%E9%9B%AF
Q351732,千叶真一,演员,1,True,483,8655,https://zh.wikipedia.org/wiki/%E5%8D%83%E5%8F%B6%E7%9C%9F%E4%B8%80
Q975630,千秋实,演员,1,True,84,1382,https://zh.wikipedia.org/wiki/%E5%8D%83%E7%A7%8B%E5%AF%A6
Q185140,华坚·冯力士,演员,1,True,191,11223,https://zh.wikipedia.org/wiki/%E8%8F%AF%E5%A0%85%C2%B7%E9%A6%AE%E5%8A%9B%E5%A3%AB
Q185140,华坚·冯力士,演员,1,True,191,11223,https://zh.wikipedia.org/wiki/%E8%8F%AF%E5%A0%85%C2%B7%E9%A6%AE%E5%8A%9B%E5%A3%AB
Q922503,华格纳·莫拉,演员,1,True,487,8735,https://zh.wikipedia.org/wiki/%E8%8F%AF%E6%A0%BC%E7%B4%8D%C2%B7%E8%8E%AB%E6%8B%89
NAME:博·纳普,博·纳普,演员,1,False,0,0,
WP:卜·巴拉宾,卜·巴拉宾,演员,1,False,0,0,
Q18605168,卞约汉,演员,1,True,52,9145,https://zh.wikipedia.org/wiki/%E5%8D%9E%E7%B4%84%E6%BC%A2
Q40504,占·基利,演员,1,True,447,12931,https://zh.wikipedia.org/wiki/%E5%8D%A0%C2%B7%E5%9F%BA%E5%88%A9
NAME:卡伦·基斯·雷尼,卡伦·基斯·雷尼,演员,1,False,0,0,
Q311093,卡利·艾域士,演员,2,True,111,9891,https://zh.wikipedia.org/wiki/%E5%8D%A1%E5%88%A9%C2%B7%E8%89%BE%E5%9F%9F%E5%A3%AB
NAME:卡勒姆·赛维克（）,卡勒姆·赛维克（）,演员,1,False,0,0,
NAME:卡尔·葛鲁斯曼,卡尔·葛鲁斯曼,演员,1,False,0,0,
Q5750470,卡拉·索菲亚·贾斯康,演员,1,True,329,18836,https://zh.wikipedia.org/wiki/%E5%8D%A1%E6%8B%89%C2%B7%E7%B4%A2%E8%8F%B2%E4%BA%9E%C2%B7%E8%B3%88%E6%96%AF%E5%BA%B7
NAME:卡比·莱姆,卡比·莱姆,演员,1,False,0,0,
NAME:卡洛斯·迪耶斯,卡洛斯·迪耶斯,演员,1,False,0,0,
NAME:卡特琳娜·费雷欧利,卡特琳娜·费雷欧利,演员,1,False,0,0,
Q184885,卡琳娜·卡浦尔,演员,1,True,228,11632,https://zh.wikipedia.org/wiki/%E5%8D%A1%E7%90%B3%E5%A8%9C%C2%B7%E5%8D%A1%E6%B5%A6%E7%88%BE
Q454102,卡罗琳·劳伦斯,演员,1,True,169,2631,https://zh.wikipedia.org/wiki/%E5%8D%A1%E7%BD%97%E7%90%B3%C2%B7%E5%8A%B3%E4%BC%A6%E6%96%AF
WP:卡罗琳·古道,卡罗琳·古道,演员,1,False,0,0,
Q43387663,卡莉·史派妮,演员,2,True,194,9488,https://zh.wikipedia.org/wiki/%E5%8D%A1%E8%8E%89%C2%B7%E5%8F%B2%E6%B4%BE%E5%A6%AE
Q117281953,卡莉娜·梁,演员,1,True,145,4921,https://zh.wikipedia.org/wiki/%E5%8D%A1%E8%8E%89%E5%A8%9C%C2%B7%E6%A2%81
NAME:卡迪小子,卡迪小子,演员,1,False,0,0,
Q111801829,卢允瑞,演员,1,True,56,6400,https://zh.wikipedia.org/wiki/%E7%9B%A7%E5%85%81%E7%91%9E
Q722001,卢克·伊云斯,演员,1,True,309,19395,https://zh.wikipedia.org/wiki/%E7%9B%A7%E5%85%8B%C2%B7%E4%BC%8A%E9%9B%B2%E6%96%AF
Q107769,卢克·威尔逊,演员,2,True,208,3549,https://zh.wikipedia.org/wiki/%E7%9B%A7%E5%85%8B%C2%B7%E5%A8%81%E7%88%BE%E9%81%9C
Q532169,卢卡斯·哈斯,演员,1,True,79,1150,https://zh.wikipedia.org/wiki/%E7%9B%A7%E5%8D%A1%E6%96%AF%C2%B7%E5%93%88%E6%96%AF
NAME:卢卡斯·盖奇,卢卡斯·盖奇,演员,1,False,0,0,
Q47467699,卢卡斯·盖奇,演员,1,True,138,1470,https://zh.wikipedia.org/wiki/%E7%9B%A7%E5%8D%A1%E6%96%AF%C2%B7%E8%93%8B%E5%A5%87
Q55719363,卢慧敏,演员,1,True,44,19005,https://zh.wikipedia.org/wiki/%E7%9B%A7%E6%85%A7%E6%95%8F
Q12590448,卢正义 (演员),演员,1,True,160,9602,https://zh.wikipedia.org/wiki/%E7%9B%A7%E6%AD%A3%E7%BE%A9_(%E6%BC%94%E5%93%A1)
NAME:卢海鹏,卢海鹏,演员,1,False,0,0,
Q64015230,卢瀚霆,演员,1,True,359,115327,https://zh.wikipedia.org/wiki/%E7%9B%A7%E7%80%9A%E9%9C%86
Q115896334,卢琪塔·麦斯威尔,演员,1,True,153,8204,https://zh.wikipedia.org/wiki/%E7%9B%A7%E7%90%AA%E5%A1%94%C2%B7%E9%BA%A5%E6%96%AF%E5%A8%81%E7%88%BE
NAME:卫斯理·史奈普,卫斯理·史奈普,演员,1,False,0,0,
Q3267764,卫诗雅,演员,1,True,261,17801,https://zh.wikipedia.org/wiki/%E8%A1%9B%E8%A9%A9%E9%9B%85
Q471018,厄尼·哈德森,演员,1,True,312,2710,https://zh.wikipedia.org/wiki/%E5%8E%84%E5%B0%BC%C2%B7%E5%93%88%E5%BE%B7%E6%A3%AE
Q8259840,古力娜扎,演员,1,True,204,7604,https://zh.wikipedia.org/wiki/%E5%8F%A4%E5%8A%9B%E5%A8%9C%E6%89%8E
Q3119298,古古·玛芭塔-劳,演员,1,True,241,3959,https://zh.wikipedia.org/wiki/%E5%8F%A4%E5%8F%A4%C2%B7%E7%8E%9B%E8%8A%AD%E5%A1%94-%E5%8A%B3
Q531617,古天乐,演员,1,True,315,61094,https://zh.wikipedia.org/wiki/%E5%8F%A4%E5%A4%A9%E6%A8%82
NAME:古斯塔夫·史柯斯嘉,古斯塔夫·史柯斯嘉,演员,1,False,0,0,
Q26678197,古贺葵,演员,1,True,72,31121,https://zh.wikipedia.org/wiki/%E5%8F%A4%E8%B3%80%E8%91%B5
Q223117,史丹利·特治,演员,1,True,119,18209,https://zh.wikipedia.org/wiki/%E5%8F%B2%E4%B8%B9%E5%88%A9%C2%B7%E7%89%B9%E6%B2%BB
Q6096,史努比狗狗,演员,1,True,210,6320,https://zh.wikipedia.org/wiki/%E5%8F%B2%E5%8A%AA%E6%AF%94%E7%8B%97%E7%8B%97
NAME:史嘉蕾·乔韩森,史嘉蕾·乔韩森,演员,1,False,0,0,
Q34436,史嘉蕾·乔韩森,演员,2,True,791,110705,https://zh.wikipedia.org/wiki/%E5%8F%B2%E5%98%89%E8%95%BE%C2%B7%E5%96%AC%E9%9F%93%E6%A3%AE
NAME:史帝芬·詹姆士,史帝芬·詹姆士,演员,1,False,0,0,
Q216221,史提夫·加维,演员,1,True,90,4674,https://zh.wikipedia.org/wiki/%E5%8F%B2%E6%8F%90%E5%A4%AB%C2%B7%E5%8A%A0%E7%B6%AD
Q216221,史提夫·加维,演员,1,True,90,4674,https://zh.wikipedia.org/wiki/%E5%8F%B2%E6%8F%90%E5%A4%AB%C2%B7%E5%8A%A0%E7%B6%AD
Q316709,史提夫·库根,演员,1,True,87,10178,https://zh.wikipedia.org/wiki/%E5%8F%B2%E6%8F%90%E5%A4%AB%C2%B7%E5%BA%AB%E6%A0%B9
NAME:史提夫·库根,史提夫·库根,演员,1,False,0,0,
Q442547,史提芬·格拉汉姆,演员,1,True,422,12818,https://zh.wikipedia.org/wiki/%E5%8F%B2%E6%8F%90%E8%8A%AC%C2%B7%E6%A0%BC%E6%8B%89%E6%BC%A2%E5%A7%86
Q124457667,史派克·费恩,演员,1,True,93,2605,https://zh.wikipedia.org/wiki/%E5%8F%B2%E6%B4%BE%E5%85%8B%C2%B7%E8%B2%BB%E6%81%A9
Q111079861,史策,演员,1,True,179,2140,https://zh.wikipedia.org/wiki/%E5%8F%B2%E7%AD%96
NAME:史考特·格瑞恩斯,史考特·格瑞恩斯,演员,1,False,0,0,
NAME:史考特·麦奈利,史考特·麦奈利,演员,1,False,0,0,
Q566037,史考特·麦奈利,演员,2,True,141,7370,https://zh.wikipedia.org/wiki/%E5%8F%B2%E8%80%83%E7%89%B9%C2%B7%E9%BA%A5%E5%A5%88%E5%88%A9
Q7613581,史蒂夫·佩姆伯顿,演员,1,True,133,1471,https://zh.wikipedia.org/wiki/%E5%8F%B2%E8%92%82%E5%A4%AB%C2%B7%E4%BD%A9%E5%A7%86%E4%BC%AF%E9%A1%BF
Q104061,史蒂夫·布西密,演员,1,True,596,30007,https://zh.wikipedia.org/wiki/%E5%8F%B2%E8%92%82%E5%A4%AB%C2%B7%E5%B8%83%E8%A5%BF%E5%AF%86
Q63381497,史蒂芬妮·许,演员,1,True,195,17668,https://zh.wikipedia.org/wiki/%E5%8F%B2%E8%92%82%E8%8A%AC%E5%A6%AE%C2%B7%E8%A8%B1
NAME:史都华·马汀,史都华·马汀,演员,1,False,0,0,
WP:叶夫根尼·齐加诺夫,叶夫根尼·齐加诺夫,演员,1,False,0,0,
NAME:叶静涵,叶静涵,演员,1,False,0,0,
Q185079,吉姆·布劳德本特,演员,1,True,758,37179,https://zh.wikipedia.org/wiki/%E5%90%89%E5%A7%86%C2%B7%E5%B8%83%E5%8A%B3%E5%BE%B7%E6%9C%AC%E7%89%B9
Q233368,吉娜·玛隆,演员,4,True,463,6741,https://zh.wikipedia.org/wiki/%E5%90%89%E5%A8%9C%C2%B7%E7%91%AA%E9%9A%86
Q726142,吉安卡洛·伊坡托,演员,3,True,494,23735,https://zh.wikipedia.org/wiki/%E5%90%89%E5%AE%89%E5%8D%A1%E6%B4%9B%C2%B7%E4%BC%8A%E5%9D%A1%E6%89%98
Q47487414,吉第安·阿德龙,演员,1,True,45,4721,https://zh.wikipedia.org/wiki/%E5%90%89%E7%AC%AC%E5%AE%89%C2%B7%E9%98%BF%E5%BE%B7%E9%BE%99
Q9069629,向云,演员,1,True,124,7295,https://zh.wikipedia.org/wiki/%E5%90%91%E9%9B%B2
NAME:吕善婷,吕善婷,演员,1,False,0,0,
Q68068965,吕爵安,演员,1,True,193,113853,https://zh.wikipedia.org/wiki/%E5%91%82%E7%88%B5%E5%AE%89
Q486338,吕珍九,演员,1,True,105,9598,https://zh.wikipedia.org/wiki/%E5%91%82%E7%8F%8D%E4%B9%9D
Q1142931,吕良伟,演员,1,True,106,33863,https://zh.wikipedia.org/wiki/%E5%91%82%E8%89%AF%E5%81%89
NAME:吴云飞,吴云飞,演员,1,False,0,0,
Q709097,吴卓羲,演员,1,True,76,33931,https://zh.wikipedia.org/wiki/%E5%90%B3%E5%8D%93%E7%BE%B2
Q718163,吴君如,演员,1,True,277,25190,https://zh.wikipedia.org/wiki/%E5%90%B3%E5%90%9B%E5%A6%82
NAME:吴启洋,吴启洋,演员,1,False,0,0,
Q707229,吴孟达,演员,2,True,148,36902,https://zh.wikipedia.org/wiki/%E5%90%B3%E5%AD%9F%E9%81%94
Q701984,吴家丽,演员,1,True,144,13270,https://zh.wikipedia.org/wiki/%E5%90%B4%E5%AE%B6%E4%B8%BD
NAME:吴廷烨,吴廷烨,演员,1,False,0,0,
NAME:吴志庆,吴志庆,演员,2,False,0,0,
NAME:吴慷仁,吴慷仁,演员,1,False,0,0,
Q78116464,吴晓亮,演员,1,True,45,3678,https://zh.wikipedia.org/wiki/%E5%90%B3%E6%9B%89%E4%BA%AE
NAME:吴汉章,吴汉章,演员,1,False,0,0,
Q358990,吴汉章 (演员),演员,1,True,122,2791,https://zh.wikipedia.org/wiki/%E5%90%B3%E6%BC%A2%E7%AB%A0_(%E6%BC%94%E5%93%A1)
NAME:吴淑琨,吴淑琨,演员,1,False,0,0,
Q55719435,吴瑞庭,演员,1,True,86,13273,https://zh.wikipedia.org/wiki/%E5%90%B3%E7%91%9E%E5%BA%AD
Q138827912,吴祉昊,演员,1,True,132,4306,https://zh.wikipedia.org/wiki/%E5%90%B3%E7%A5%89%E6%98%8A
Q704291,吴镇宇,演员,2,True,151,23219,https://zh.wikipedia.org/wiki/%E5%90%B3%E9%8E%AE%E5%AE%87
Q704291,吴镇宇,演员,2,True,151,23219,https://zh.wikipedia.org/wiki/%E5%90%B3%E9%8E%AE%E5%AE%87
Q60989086,吴震亚,演员,1,True,331,4654,https://zh.wikipedia.org/wiki/%E5%90%B3%E9%9C%87%E4%BA%9E
NAME:吴靖萱,吴靖萱,演员,1,False,0,0,
Q114690772,周依然,演员,1,True,135,4221,https://zh.wikipedia.org/wiki/%E5%91%A8%E4%BE%9D%E7%84%B6
NAME:周汉宁,周汉宁,演员,1,False,0,0,
Q38195662,周洪 (演员),演员,2,True,427,42381,https://zh.wikipedia.org/wiki/%E5%91%A8%E6%B4%AA_(%E6%BC%94%E5%93%A1)
Q181425,周润发,演员,1,True,365,38503,https://zh.wikipedia.org/wiki/%E5%91%A8%E6%B6%A6%E5%8F%91
Q135900483,周游 (1991年),演员,2,True,54,8757,https://zh.wikipedia.org/wiki/%E5%91%A8%E6%B8%B8_(1991%E5%B9%B4)
Q198030,周迅,演员,1,True,95,31478,https://zh.wikipedia.org/wiki/%E5%91%A8%E8%BF%85
Q19855529,周雨彤,演员,1,True,144,4136,https://zh.wikipedia.org/wiki/%E5%91%A8%E9%9B%A8%E5%BD%A4
Q3626966,哈利·斯泰尔斯,演员,1,True,228,9417,https://zh.wikipedia.org/wiki/%E5%93%88%E5%88%A9%C2%B7%E6%96%AF%E6%B3%B0%E7%88%BE%E6%96%AF
NAME:哈利·格罗纳,哈利·格罗纳,演员,1,False,0,0,
NAME:哈利·海登-帕顿,哈利·海登-帕顿,演员,1,False,0,0,
Q558301,哈米什·林克莱特,演员,1,True,111,4617,https://zh.wikipedia.org/wiki/%E5%93%88%E7%B1%B3%E4%BB%80%C2%B7%E6%9E%97%E5%85%8B%E8%8E%B1%E7%89%B9
NAME:哈维·凯托,哈维·凯托,演员,1,False,0,0,
Q191132,哈维·凯特尔,演员,1,True,62,15690,https://zh.wikipedia.org/wiki/%E5%93%88%E7%BB%B4%C2%B7%E5%87%AF%E7%89%B9%E5%B0%94
Q191132,哈维·凯特尔,演员,1,True,62,15690,https://zh.wikipedia.org/wiki/%E5%93%88%E7%BB%B4%C2%B7%E5%87%AF%E7%89%B9%E5%B0%94
NAME:哈维·普雷斯内尔,哈维·普雷斯内尔,演员,1,False,0,0,
Q134895,哈维尔·巴登,演员,1,True,160,7283,https://zh.wikipedia.org/wiki/%E5%93%88%E7%B6%AD%E7%88%BE%C2%B7%E5%B7%B4%E7%99%BB
NAME:哈里·劳提,哈里·劳提,演员,1,False,0,0,
Q29841285,哈里斯·迪金森,演员,1,True,211,11562,https://zh.wikipedia.org/wiki/%E5%93%88%E9%87%8C%E6%96%AF%C2%B7%E8%BF%AA%E9%87%91%E6%A3%AE
NAME:哈里森·吉尔伯特森,哈里森·吉尔伯特森,演员,1,False,0,0,
Q81328,哈里森·福特,演员,1,True,313,19194,https://zh.wikipedia.org/wiki/%E5%93%88%E9%87%8C%E6%A3%AE%C2%B7%E7%A6%8F%E7%89%B9
Q309788,唐·强生,演员,1,True,55,2700,https://zh.wikipedia.org/wiki/%E5%94%90%C2%B7%E5%BC%B7%E7%94%9F
Q9051178,唐振刚,演员,1,True,81,6641,https://zh.wikipedia.org/wiki/%E5%94%90%E6%8C%AF%E5%89%9B
Q1239933,唐纳·葛洛佛,演员,1,True,455,9981,https://zh.wikipedia.org/wiki/%E5%94%90%E7%B4%8D%C2%B7%E8%91%9B%E6%B4%9B%E4%BD%9B
Q839636,唐诗咏,演员,1,True,67,20774,https://zh.wikipedia.org/wiki/%E5%94%90%E8%A9%A9%E8%A9%A0
Q16904770,喜翔,演员,1,True,122,5764,https://zh.wikipedia.org/wiki/%E5%96%9C%E7%BF%94
Q9079614,喻恩泰,演员,1,True,221,4371,https://zh.wikipedia.org/wiki/%E5%96%BB%E6%81%A9%E6%B3%B0
Q219655,嘉莉·慕莱根,演员,1,True,122,22067,https://zh.wikipedia.org/wiki/%E5%98%89%E8%8E%89%C2%B7%E6%85%95%E8%90%8A%E6%A0%B9
Q1085473,土屋嘉男,演员,1,True,41,2872,https://zh.wikipedia.org/wiki/%E5%9C%9F%E5%B1%8B%E5%98%89%E7%94%B7
Q2421628,坂本千夏,演员,1,True,180,32350,https://zh.wikipedia.org/wiki/%E5%9D%82%E6%9C%AC%E5%8D%83%E5%A4%8F
NAME:埃尔莎·帕塔奇,埃尔莎·帕塔奇,演员,1,False,0,0,
Q16633391,埃德文·雷丁,演员,1,True,158,13327,https://zh.wikipedia.org/wiki/%E5%9F%83%E5%BE%B7%E6%96%87%C2%B7%E9%9B%B7%E4%B8%81
Q170328,埃里克·坎通纳,演员,1,True,248,7578,https://zh.wikipedia.org/wiki/%E5%9F%83%E9%87%8C%E5%85%8B%C2%B7%E5%9D%8E%E9%80%9A%E7%BA%B3
Q318267,埃里克·斯托尔兹,演员,1,True,49,11708,https://zh.wikipedia.org/wiki/%E5%9F%83%E9%87%8C%E5%85%8B%C2%B7%E6%96%AF%E6%89%98%E5%B0%94%E5%85%B9
Q299421,埃里克·迪恩,演员,1,True,194,9378,https://zh.wikipedia.org/wiki/%E5%9F%83%E9%87%8C%E5%85%8B%C2%B7%E8%BF%AA%E6%81%A9
Q313204,基伦·克金,演员,1,True,206,3451,https://zh.wikipedia.org/wiki/%E5%9F%BA%E5%80%AB%C2%B7%E5%85%8B%E9%87%91
Q202589,基利安·墨菲,演员,3,True,727,13719,https://zh.wikipedia.org/wiki/%E5%9F%BA%E5%88%A9%E5%AE%89%C2%B7%E5%A2%A8%E8%8F%B2
NAME:基利安·墨菲,基利安·墨菲,演员,1,False,0,0,
Q43416,基努·里维斯,演员,1,True,394,21846,https://zh.wikipedia.org/wiki/%E5%9F%BA%E5%8A%AA%C2%B7%E9%87%8C%E7%BB%B4%E6%96%AF
Q103946,基夫·修打兰,演员,1,True,147,6694,https://zh.wikipedia.org/wiki/%E5%9F%BA%E5%A4%AB%C2%B7%E4%BF%AE%E6%89%93%E8%98%AD
Q6382703,基根-麦可·奇,演员,1,True,225,12335,https://zh.wikipedia.org/wiki/%E5%9F%BA%E6%A0%B9-%E9%BA%A5%E5%8F%AF%C2%B7%E5%A5%87
Q50033,堀江由衣,演员,1,True,300,46081,https://zh.wikipedia.org/wiki/%E5%A0%80%E6%B1%9F%E7%94%B1%E8%A1%A3
NAME:堤摩西·柴勒梅德,堤摩西·柴勒梅德,演员,1,False,0,0,
Q108622,塔利亚·夏尔,演员,1,True,80,3305,https://zh.wikipedia.org/wiki/%E5%A1%94%E5%88%A9%E4%BA%9A%C2%B7%E5%A4%8F%E5%B0%94
Q981690,塔哈·拉辛,演员,1,True,88,2895,https://zh.wikipedia.org/wiki/%E5%A1%94%E5%93%88%C2%B7%E6%8B%89%E8%BE%9B
Q220308,塞斯·罗根,演员,1,True,628,26623,https://zh.wikipedia.org/wiki/%E5%A1%9E%E6%96%AF%C2%B7%E7%BE%85%E6%A0%B9
WP:塞雷娜·罗西,塞雷娜·罗西,演员,1,False,0,0,
Q1036386,夏帆,演员,1,True,65,20176,https://zh.wikipedia.org/wiki/%E5%A4%8F%E5%B8%86
NAME:夏恩·杰克逊,夏恩·杰克逊,演员,1,False,0,0,
Q1190336,夏木麻里,演员,1,True,137,3392,https://zh.wikipedia.org/wiki/%E5%A4%8F%E6%9C%A8%E9%BA%BB%E9%87%8C
Q234679,夏绿蒂·兰普琳,演员,1,True,376,10780,https://zh.wikipedia.org/wiki/%E5%A4%8F%E7%B6%A0%E8%92%82%C2%B7%E8%98%AD%E6%99%AE%E7%90%B3
Q697237,夏雨 (中国大陆),演员,1,True,31,7271,https://zh.wikipedia.org/wiki/%E5%A4%8F%E9%9B%A8_(%E4%B8%AD%E5%9B%BD%E5%A4%A7%E9%99%86)
Q10932224,夏靖庭,演员,1,True,494,11719,https://zh.wikipedia.org/wiki/%E5%A4%8F%E9%9D%96%E5%BA%AD
Q11321370,多布杰,演员,1,True,142,2801,https://zh.wikipedia.org/wiki/%E5%A4%9A%E5%B8%83%E6%9D%B0
Q271481,多明妮克·布兰,演员,1,True,119,1297,https://zh.wikipedia.org/wiki/%E5%A4%9A%E6%98%8E%E5%A6%AE%E5%85%8B%C2%B7%E5%B8%83%E8%98%AD
NAME:多莉·德·莱昂,多莉·德·莱昂,演员,1,False,0,0,
Q64560,大卫·丹曼,演员,1,True,132,2321,https://zh.wikipedia.org/wiki/%E5%A4%A7%E8%A1%9B%C2%B7%E4%B8%B9%E6%9B%BC
NAME:大卫·克伦荷茨,大卫·克伦荷茨,演员,1,False,0,0,
Q363271,大卫·华纳,演员,1,True,236,4776,https://zh.wikipedia.org/wiki/%E5%A4%A7%E8%A1%9B%C2%B7%E8%8F%AF%E7%B4%8D
Q187038,大卫·卡拉定,演员,1,True,534,4780,https://zh.wikipedia.org/wiki/%E5%A4%A7%E8%A1%9B%C2%B7%E5%8D%A1%E6%8B%89%E5%AE%9A
NAME:大卫·奥耶罗沃,大卫·奥耶罗沃,演员,1,False,0,0,
NAME:大卫·沃尔,大卫·沃尔,演员,1,False,0,0,
Q373976,大卫·海德·皮尔斯,演员,1,True,174,1273,https://zh.wikipedia.org/wiki/%E5%A4%A7%E8%A1%9B%C2%B7%E6%B5%B7%E5%BE%B7%C2%B7%E7%9A%AE%E7%88%BE%E6%96%AF
NAME:大卫·盖亚西,大卫·盖亚西,演员,1,False,0,0,
NAME:大卫·科伦斯韦,大卫·科伦斯韦,演员,1,False,0,0,
NAME:大卫·罗利,大卫·罗利,演员,1,False,0,0,
Q115676831,大卫·荣松,演员,1,True,181,2886,https://zh.wikipedia.org/wiki/%E5%A4%A7%E8%A1%9B%C2%B7%E6%A6%AE%E6%9D%BE
Q16203767,大卫·达斯马齐连,演员,1,True,227,26007,https://zh.wikipedia.org/wiki/%E5%A4%A7%E8%A1%9B%C2%B7%E9%81%94%E6%96%AF%E9%A6%AC%E9%BD%8A%E9%80%A3
NAME:大卫·达斯马齐连,大卫·达斯马齐连,演员,2,False,0,0,
NAME:大卫·里斯达尔,大卫·里斯达尔,演员,1,False,0,0,
NAME:大卫·霍华德·桑顿,大卫·霍华德·桑顿,演员,1,False,0,0,
Q5383,大卫·鲍伊,演员,1,True,814,15428,https://zh.wikipedia.org/wiki/%E5%A4%A7%E5%8D%AB%C2%B7%E9%B2%8D%E4%BC%8A
Q1041739,大泉洋,演员,1,True,137,12633,https://zh.wikipedia.org/wiki/%E5%A4%A7%E6%B3%89%E6%B4%8B
NAME:天列拉姆,天列拉姆,演员,1,False,0,0,
NAME:太 保,太 保,演员,1,False,0,0,
NAME:奥利·哈斯基维,奥利·哈斯基维,演员,1,False,0,0,
Q313588,奥利弗·里德,演员,1,True,243,6205,https://zh.wikipedia.org/wiki/%E5%A5%A5%E5%88%A9%E5%BC%97%C2%B7%E9%87%8C%E5%BE%B7
NAME:奥利维尔·里希特斯,奥利维尔·里希特斯,演员,1,False,0,0,
Q15306031,奥卡菲娜,演员,2,True,220,12197,https://zh.wikipedia.org/wiki/%E5%A5%A7%E5%8D%A1%E8%8F%B2%E5%A8%9C
Q62557,奥古斯特·迪尔,演员,1,True,130,5678,https://zh.wikipedia.org/wiki/%E5%A5%A5%E5%8F%A4%E6%96%AF%E7%89%B9%C2%B7%E8%BF%AA%E5%B0%94
Q210547,奥布瑞·普拉扎,演员,1,True,297,13359,https://zh.wikipedia.org/wiki/%E5%A5%A7%E5%B8%83%E7%91%9E%C2%B7%E6%99%AE%E6%8B%89%E6%89%8E
NAME:奥斯卡最佳男配角奖,奥斯卡最佳男配角奖,演员,1,False,0,0,
Q469954,奥斯汀·巴特勒,演员,1,True,424,13434,https://zh.wikipedia.org/wiki/%E5%A5%A5%E6%96%AF%E6%B1%80%C2%B7%E5%B7%B4%E7%89%B9%E5%8B%92
Q24455611,奥莉伊·卡拉瓦尔侯,演员,2,True,73,7667,https://zh.wikipedia.org/wiki/%E5%A5%A7%E8%8E%89%E4%BC%8A%C2%B7%E5%8D%A1%E6%8B%89%E7%93%A6%E7%88%BE%E4%BE%AF
NAME:奥莉薇·瑟尔比,奥莉薇·瑟尔比,演员,1,False,0,0,
Q7088045,奥莉薇雅·柯尔曼,演员,1,True,487,10527,https://zh.wikipedia.org/wiki/%E5%A5%A7%E8%8E%89%E8%96%87%E9%9B%85%C2%B7%E6%9F%AF%E7%88%BE%E6%9B%BC
NAME:奥菲利亚·拉维邦德,奥菲利亚·拉维邦德,演员,1,False,0,0,
NAME:奥黛莎·杨,奥黛莎·杨,演员,1,False,0,0,
NAME:妮乌沙·阿赫希（Niousha Akhshi）,妮乌沙·阿赫希（Niousha Akhshi）,演员,1,False,0,0,
Q37459,妮可·基嫚,演员,2,True,92,66081,https://zh.wikipedia.org/wiki/%E5%A6%AE%E5%8F%AF%C2%B7%E5%9F%BA%E5%AB%9A
NAME:妮可·拜尔,妮可·拜尔,演员,1,False,0,0,
Q167696,妮可·舒辛格,演员,1,True,95,6514,https://zh.wikipedia.org/wiki/%E5%A6%AE%E5%8F%AF%C2%B7%E8%88%92%E8%BE%9B%E6%A0%BC
Q183439,妮娜·杜波夫,演员,1,True,136,16790,https://zh.wikipedia.org/wiki/%E5%A6%AE%E5%A8%9C%C2%B7%E6%9D%9C%E6%B3%A2%E5%A4%AB
NAME:妮娜·阿里安达,妮娜·阿里安达,演员,1,False,0,0,
NAME:姚二嘎,姚二嘎,演员,1,False,0,0,
Q8993128,姚以缇,演员,1,True,347,5014,https://zh.wikipedia.org/wiki/%E5%A7%9A%E4%BB%A5%E7%B7%B9
NAME:姜卓文,姜卓文,演员,1,False,0,0,
NAME:姜大衞,姜大衞,演员,1,False,0,0,
Q485387,姜惠贞,演员,1,True,56,3096,https://zh.wikipedia.org/wiki/%E5%A7%9C%E6%83%A0%E8%B2%9E
Q317563,姜成镐,演员,1,True,99,5111,https://zh.wikipedia.org/wiki/%E5%A7%9C%E6%88%90%E9%8E%AC
Q716069,姜文,演员,2,True,137,10743,https://zh.wikipedia.org/wiki/%E5%A7%9C%E6%96%87
NAME:姜文,姜文,演员,1,False,0,0,
Q488031,姜栋元,演员,2,True,96,7933,https://zh.wikipedia.org/wiki/%E5%A7%9C%E6%A3%9F%E5%85%83
WP:姜永波,姜永波,演员,1,False,0,0,
Q7244051,姜皓文,演员,1,True,160,34512,https://zh.wikipedia.org/wiki/%E5%A7%9C%E7%9A%93%E6%96%87
NAME:威尔·史密斯,威尔·史密斯,演员,1,False,0,0,
NAME:威尔·夏普,威尔·夏普,演员,1,False,0,0,
Q218503,威尔·法洛,演员,1,True,500,10990,https://zh.wikipedia.org/wiki/%E5%A8%81%E7%88%BE%C2%B7%E6%B3%95%E6%B4%9B
Q152542,威廉·托马斯·桑德勒,演员,1,True,66,10788,https://zh.wikipedia.org/wiki/%E5%A8%81%E5%BB%89%C2%B7%E6%89%98%E9%A9%AC%E6%96%AF%C2%B7%E6%A1%91%E5%BE%B7%E5%8B%92
Q188772,威廉·达佛,演员,4,True,313,21509,https://zh.wikipedia.org/wiki/%E5%A8%81%E5%BB%89%C2%B7%E9%81%94%E4%BD%9B
NAME:威廉·阿瑟顿,威廉·阿瑟顿,演员,1,False,0,0,
Q224159,威廉·霍尔·梅西,演员,1,True,75,13778,https://zh.wikipedia.org/wiki/%E5%A8%81%E5%BB%89%C2%B7%E9%9C%8D%E5%B0%94%C2%B7%E6%A2%85%E8%A5%BF
Q6968794,娜塔莉·伊曼纽尔,演员,3,True,121,5494,https://zh.wikipedia.org/wiki/%E5%A8%9C%E5%A1%94%E8%8E%89%C2%B7%E4%BC%8A%E6%9B%BC%E7%BA%BD%E5%B0%94
Q62007121,娜塔莎·罗斯威尔,演员,1,True,200,3101,https://zh.wikipedia.org/wiki/%E5%A8%9C%E5%A1%94%E8%8E%8E%C2%B7%E7%BE%85%E6%96%AF%E5%A8%81%E7%88%BE
Q132616,娜奥米·沃茨,演员,1,True,98,6855,https://zh.wikipedia.org/wiki/%E5%A8%9C%E5%A5%A5%E7%B1%B3%C2%B7%E6%B2%83%E8%8C%A8
Q254894,娜欧蜜·史考特,演员,1,True,180,24035,https://zh.wikipedia.org/wiki/%E5%A8%9C%E6%AD%90%E8%9C%9C%C2%B7%E5%8F%B2%E8%80%83%E7%89%B9
Q19407748,孔升妍,演员,1,True,64,23403,https://zh.wikipedia.org/wiki/%E5%AD%94%E5%8D%87%E5%A6%8D
NAME:孔德贤,孔德贤,演员,1,False,0,0,
Q19939351,孔明 (艺人),演员,1,True,130,4693,https://zh.wikipedia.org/wiki/%E5%AD%94%E6%98%8E_(%E8%97%9D%E4%BA%BA)
NAME:孙佳君,孙佳君,演员,2,False,0,0,
Q9127223,孙艺洲,演员,1,True,49,6936,https://zh.wikipedia.org/wiki/%E5%AD%AB%E8%97%9D%E6%B4%B2
Q55731102,孙锡求,演员,1,True,164,6502,https://zh.wikipedia.org/wiki/%E5%AD%AB%E9%8C%AB%E6%B1%82
Q9127242,孙鹏 (艺人),演员,1,True,149,11867,https://zh.wikipedia.org/wiki/%E5%AD%AB%E9%B5%AC_(%E8%97%9D%E4%BA%BA)
Q7038621,宁静,演员,1,True,264,17250,https://zh.wikipedia.org/wiki/%E5%AE%81%E9%9D%99
Q20973952,安东尼·拉莫斯,演员,1,True,185,14778,https://zh.wikipedia.org/wiki/%E5%AE%89%E6%9D%B1%E5%B0%BC%C2%B7%E6%8B%89%E8%8E%AB%E6%96%AF
Q65932,安东尼·霍普金斯,演员,2,True,152,44029,https://zh.wikipedia.org/wiki/%E5%AE%89%E6%9D%B1%E5%B0%BC%C2%B7%E9%9C%8D%E6%99%AE%E9%87%91%E6%96%AF
Q41548,安东尼奥·班德拉斯,演员,1,True,258,7100,https://zh.wikipedia.org/wiki/%E5%AE%89%E4%B8%9C%E5%B0%BC%E5%A5%A5%C2%B7%E7%8F%AD%E5%BE%B7%E6%8B%89%E6%96%AF
Q41548,安东尼奥·班德拉斯,演员,1,True,258,7100,https://zh.wikipedia.org/wiki/%E5%AE%89%E4%B8%9C%E5%B0%BC%E5%A5%A5%C2%B7%E7%8F%AD%E5%BE%B7%E6%8B%89%E6%96%AF
Q2850248,安吉丽·莫辛德拉,演员,1,True,245,1958,https://zh.wikipedia.org/wiki/%E5%AE%89%E5%90%89%E4%B8%BD%C2%B7%E8%8E%AB%E8%BE%9B%E5%BE%B7%E6%8B%89
Q13909,安吉丽娜·朱莉,演员,1,True,311,21045,https://zh.wikipedia.org/wiki/%E5%AE%89%E5%90%89%E4%B8%BD%E5%A8%9C%C2%B7%E6%9C%B1%E8%8E%89
Q253536,安妮·波茨,演员,1,True,617,22433,https://zh.wikipedia.org/wiki/%E5%AE%89%E5%A6%AE%C2%B7%E6%B3%A2%E8%8C%A8
Q36301,安妮·海瑟薇,演员,3,True,222,15123,https://zh.wikipedia.org/wiki/%E5%AE%89%E5%A6%AE%C2%B7%E6%B5%B7%E7%91%9F%E8%96%87
Q36301,安妮·海瑟薇,演员,2,True,222,15123,https://zh.wikipedia.org/wiki/%E5%AE%89%E5%A6%AE%C2%B7%E6%B5%B7%E7%91%9F%E8%96%87
NAME:安妮·海瑟薇,安妮·海瑟薇,演员,1,False,0,0,
Q698173,安娜·德哈玛斯,演员,1,True,301,11144,https://zh.wikipedia.org/wiki/%E5%AE%89%E5%A8%9C%C2%B7%E5%BE%B7%E5%93%88%E7%91%AA%E6%96%AF
Q4491,安娜·法瑞丝,演员,1,True,135,11002,https://zh.wikipedia.org/wiki/%E5%AE%89%E5%A8%9C%C2%B7%E6%B3%95%E7%91%9E%E7%B5%B2
NAME:安娜丽丝·巴索,安娜丽丝·巴索,演员,1,False,0,0,
Q105695,安娜苏菲亚·罗伯,演员,1,True,62,4087,https://zh.wikipedia.org/wiki/%E5%AE%89%E5%A8%9C%E8%98%87%E8%8F%B2%E4%BA%9E%C2%B7%E7%BE%85%E4%BC%AF
Q313956,安尼·卡浦尔,演员,1,True,338,2084,https://zh.wikipedia.org/wiki/%E5%AE%89%E5%B0%BC%C2%B7%E5%8D%A1%E6%B5%A6%E7%88%BE
Q4753762,安德斯·丹尼尔森·李,演员,1,True,63,3955,https://zh.wikipedia.org/wiki/%E5%AE%89%E5%BE%B7%E6%96%AF%C2%B7%E4%B8%B9%E5%B0%BC%E7%88%BE%E6%A3%AE%C2%B7%E6%9D%8E
Q23891,安德鲁·加菲尔德,演员,1,True,515,18398,https://zh.wikipedia.org/wiki/%E5%AE%89%E5%BE%B7%E9%AD%AF%C2%B7%E5%8A%A0%E8%8F%B2%E7%88%BE%E5%BE%B7
Q711527,安志杰,演员,1,True,112,10875,https://zh.wikipedia.org/wiki/%E5%AE%89%E5%BF%97%E6%9D%B0
Q80563990,安恩真 (1991年),演员,1,True,51,10423,https://zh.wikipedia.org/wiki/%E5%AE%89%E6%81%A9%E7%9C%9F_(1991%E5%B9%B4)
WP:安托尼娅·特鲁波,安托尼娅·特鲁波,演员,1,False,0,0,
Q24034671,安格利·莱斯,演员,1,True,104,5623,https://zh.wikipedia.org/wiki/%E5%AE%89%E6%A0%BC%E5%88%A9%C2%B7%E8%90%8A%E6%96%AF
Q65600671,安格斯·克劳德,演员,1,True,218,8121,https://zh.wikipedia.org/wiki/%E5%AE%89%E6%A0%BC%E6%96%AF%C2%B7%E5%85%8B%E5%8A%B3%E5%BE%B7
Q461762,安洁纽·艾莉丝,演员,1,True,126,1733,https://zh.wikipedia.org/wiki/%E5%AE%89%E6%BD%94%E7%B4%90%C2%B7%E8%89%BE%E8%8E%89%E7%B5%B2
Q232120,安琪拉·贝瑟,演员,1,True,418,4133,https://zh.wikipedia.org/wiki/%E5%AE%89%E7%90%AA%E6%8B%89%C2%B7%E8%B2%9D%E7%91%9F
Q11451139,安田显,演员,1,True,144,8428,https://zh.wikipedia.org/wiki/%E5%AE%89%E7%94%B0%E9%A1%AF
Q69697328,安芝慧,演员,1,True,37,6251,https://zh.wikipedia.org/wiki/%E5%AE%89%E8%8A%9D%E6%85%A7
Q373959,安藤政信,演员,1,True,141,7296,https://zh.wikipedia.org/wiki/%E5%AE%89%E8%97%A4%E6%94%BF%E4%BF%A1
NAME:安雅·泰勒-乔伊,安雅·泰勒-乔伊,演员,1,False,0,0,
Q20882479,安雅·泰勒-乔伊,演员,1,True,190,24951,https://zh.wikipedia.org/wiki/%E5%AE%89%E9%9B%85%C2%B7%E6%B3%B0%E5%8B%92-%E5%96%AC%E4%BC%8A
Q485517,宋仲基,演员,2,True,619,93226,https://zh.wikipedia.org/wiki/%E5%AE%8B%E4%BB%B2%E5%9F%BA
Q6129284,宋佳,演员,1,True,57,15058,https://zh.wikipedia.org/wiki/%E5%AE%8B%E4%BD%B3
Q484400,宋康昊,演员,1,True,232,17225,https://zh.wikipedia.org/wiki/%E5%AE%8B%E5%BA%B7%E6%98%8A
Q486455,宋承宪,演员,1,True,277,7846,https://zh.wikipedia.org/wiki/%E5%AE%8B%E6%89%BF%E6%86%B2
WP:宋晓峰,宋晓峰,演员,1,False,0,0,
Q9128369,宋洋,演员,1,True,37,2866,https://zh.wikipedia.org/wiki/%E5%AE%8B%E6%B4%8B
NAME:宋词,宋词,演员,1,False,0,0,
NAME:客串,客串,演员,1,False,0,0,
NAME:寇帝·史密-麦菲,寇帝·史密-麦菲,演员,1,False,0,0,
Q716251,寇帝·史密-麦菲,演员,1,True,225,14474,https://zh.wikipedia.org/wiki/%E5%AF%87%E5%B8%9D%C2%B7%E5%8F%B2%E5%AF%86-%E9%BA%A5%E8%8F%B2
NAME:寇特妮·洛芙,寇特妮·洛芙,演员,1,False,0,0,
NAME:寇瑞·斯托尔,寇瑞·斯托尔,演员,1,False,0,0,
Q1041912,寺岛拓笃,演员,1,True,114,57120,https://zh.wikipedia.org/wiki/%E5%AF%BA%E5%B3%B6%E6%8B%93%E7%AF%A4
Q935167,小克利夫顿·柯林斯,演员,1,True,92,2102,https://zh.wikipedia.org/wiki/%E5%B0%8F%E5%85%8B%E5%88%A9%E5%A4%AB%E9%A0%93%C2%B7%E6%9F%AF%E6%9E%97%E6%96%AF
Q165219,小劳勃·道尼,演员,1,True,322,21350,https://zh.wikipedia.org/wiki/%E5%B0%8F%E5%8B%9E%E5%8B%83%C2%B7%E9%81%93%E5%B0%BC
Q11461244,小松菜奈,演员,1,True,98,21224,https://zh.wikipedia.org/wiki/%E5%B0%8F%E6%9D%BE%E8%8F%9C%E5%A5%88
Q5359721,小林薰,演员,1,True,68,14558,https://zh.wikipedia.org/wiki/%E5%B0%8F%E6%9E%97%E8%96%B0
Q5359721,小林薰,演员,1,True,68,14558,https://zh.wikipedia.org/wiki/%E5%B0%8F%E6%9E%97%E8%96%B0
Q288114,小田切让,演员,1,True,71,8434,https://zh.wikipedia.org/wiki/%E5%B0%8F%E7%94%B0%E5%88%87%E8%AE%A9
Q329719,小路易斯·格塞特,演员,1,True,86,1808,https://zh.wikipedia.org/wiki/%E5%B0%8F%E8%B7%AF%E6%98%93%E6%96%AF%C2%B7%E6%A0%BC%E5%A1%9E%E7%89%B9
Q308840,尚-克劳德·范达美,演员,1,True,586,21484,https://zh.wikipedia.org/wiki/%E5%B0%9A-%E5%85%8B%E5%8B%9E%E5%BE%B7%C2%B7%E8%8C%83%E9%81%94%E7%BE%8E
Q106204,尚-路易·特罕狄酿,演员,1,True,241,6435,https://zh.wikipedia.org/wiki/%E5%B0%9A-%E8%B7%AF%E6%98%93%C2%B7%E7%89%B9%E7%BD%95%E7%8B%84%E9%87%80
Q43697,尚·连奴,演员,1,True,299,7074,https://zh.wikipedia.org/wiki/%E5%B0%9A%C2%B7%E9%80%A3%E5%A5%B4
NAME:尚楠,尚楠,演员,1,False,0,0,
WP:尤利娅·斯尼吉尔,尤利娅·斯尼吉尔,演员,1,False,0,0,
Q24035944,尤里·亚历山德罗维奇·鲍里索夫,演员,1,True,46,4665,https://zh.wikipedia.org/wiki/%E5%B0%A4%E9%87%8C%C2%B7%E4%BA%9E%E6%AD%B7%E5%B1%B1%E5%BE%B7%E7%BE%85%E7%BB%B4%E5%A5%87%C2%B7%E9%AE%91%E9%87%8C%E7%B4%A2%E5%A4%AB
NAME:尤里·亚历山德罗维奇·鲍里索夫,尤里·亚历山德罗维奇·鲍里索夫,演员,1,False,0,0,
Q7702031,尹子维,演员,1,True,81,10201,https://zh.wikipedia.org/wiki/%E5%B0%B9%E5%AD%90%E7%B6%AD
NAME:尹宣方,尹宣方,演员,1,False,0,0,
Q22084960,尹正,演员,1,True,454,10149,https://zh.wikipedia.org/wiki/%E5%B0%B9%E6%AD%A3
Q491013,尹汝贞,演员,1,True,517,132446,https://zh.wikipedia.org/wiki/%E5%B0%B9%E6%B1%9D%E8%B2%9E
NAME:尹聪,尹聪,演员,1,False,0,0,
Q192668,尼克·凯夫,演员,1,True,146,16896,https://zh.wikipedia.org/wiki/%E5%B0%BC%E5%85%8B%C2%B7%E5%87%B1%E5%A4%AB
Q1985488,尼克·奥佛曼,演员,1,True,565,1893,https://zh.wikipedia.org/wiki/%E5%B0%BC%E5%85%8B%C2%B7%E5%A5%A7%E4%BD%9B%E6%9B%BC
NAME:尼克·奥佛曼,尼克·奥佛曼,演员,1,False,0,0,
NAME:尼克·比斯库佩克（）,尼克·比斯库佩克（）,演员,1,False,0,0,
Q2985242,尼克·罗宾森,演员,1,True,153,9165,https://zh.wikipedia.org/wiki/%E5%B0%BC%E5%85%8B%C2%B7%E7%BE%85%E8%B3%93%E6%A3%AE
Q298347,尼古拉斯·霍尔特,演员,2,True,117,5713,https://zh.wikipedia.org/wiki/%E5%B0%BC%E5%8F%A4%E6%8B%89%E6%96%AF%C2%B7%E9%9C%8D%E5%B0%94%E7%89%B9
Q298347,尼古拉斯·霍尔特,演员,2,True,117,5713,https://zh.wikipedia.org/wiki/%E5%B0%BC%E5%8F%A4%E6%8B%89%E6%96%AF%C2%B7%E9%9C%8D%E5%B0%94%E7%89%B9
NAME:尼可拉斯·凯吉,尼可拉斯·凯吉,演员,1,False,0,0,
Q90902600,尼可拉斯·葛拉辛,演员,1,True,211,5919,https://zh.wikipedia.org/wiki/%E5%B0%BC%E5%8F%AF%E6%8B%89%E6%96%AF%C2%B7%E8%91%9B%E6%8B%89%E8%BE%9B
NAME:尼尔·桑迪兰兹,尼尔·桑迪兰兹,演员,1,False,0,0,
NAME:尼尔·麦克唐纳,尼尔·麦克唐纳,演员,1,False,0,0,
Q58303986,屈楚萧,演员,1,True,34,13581,https://zh.wikipedia.org/wiki/%E5%B1%88%E6%A5%9A%E8%90%A7
Q82085,山姆·沃辛顿,演员,6,True,312,9642,https://zh.wikipedia.org/wiki/%E5%B1%B1%E5%A7%86%C2%B7%E6%B2%83%E8%BE%9B%E9%A0%93
Q316446,山姆·洛克威尔,演员,1,True,332,20531,https://zh.wikipedia.org/wiki/%E5%B1%B1%E5%A7%86%C2%B7%E6%B4%9B%E5%85%8B%E5%A8%81%E5%B0%94
NAME:山缪·杰克森,山缪·杰克森,演员,1,False,0,0,
NAME:岑乐怡,岑乐怡,演员,1,False,0,0,
Q584626,岛本须美,演员,1,True,90,42054,https://zh.wikipedia.org/wiki/%E5%B3%B6%E6%9C%AC%E9%A0%88%E7%BE%8E
Q5358833,岩松了,演员,1,True,76,4218,https://zh.wikipedia.org/wiki/%E5%B2%A9%E6%9D%BE%E4%BA%86
Q469983,崔娜·蒂虹,演员,1,True,116,4640,https://zh.wikipedia.org/wiki/%E5%B4%94%E5%A8%9C%C2%B7%E8%92%82%E8%99%B9
Q492701,崔宇植,演员,1,True,138,36157,https://zh.wikipedia.org/wiki/%E5%B4%94%E5%AE%87%E6%A4%8D
Q484575,崔岷植,演员,2,True,30,7365,https://zh.wikipedia.org/wiki/%E5%B4%94%E5%B2%B7%E6%A4%8D
Q106634860,崔成恩,演员,1,True,145,6235,https://zh.wikipedia.org/wiki/%E5%B4%94%E6%88%90%E6%81%A9
Q201198,崔维斯·费米尔,演员,1,True,198,8756,https://zh.wikipedia.org/wiki/%E5%B4%94%E7%B6%AD%E6%96%AF%C2%B7%E8%B2%BB%E7%B1%B3%E7%88%BE
NAME:川荣李奈,川荣李奈,演员,1,False,0,0,
NAME:左小青,左小青,演员,1,False,0,0,
Q10738,巨石强森,演员,1,True,746,31002,https://zh.wikipedia.org/wiki/%E5%B7%A8%E7%9F%B3%E5%BC%B7%E6%A3%AE
Q150903,巩俐,演员,2,True,867,41481,https://zh.wikipedia.org/wiki/%E5%B7%A9%E4%BF%90
NAME:巩俐,巩俐,演员,1,False,0,0,
Q150903,巩俐,演员,1,True,867,41481,https://zh.wikipedia.org/wiki/%E5%B7%A9%E4%BF%90
NAME:巫建和,巫建和,演员,1,False,0,0,
Q8038920,巫建和,演员,1,True,154,5056,https://zh.wikipedia.org/wiki/%E5%B7%AB%E5%BB%BA%E5%92%8C
WP:巴巴拉·龙基,巴巴拉·龙基,演员,1,False,0,0,
NAME:巴拉蒂拉贾,巴拉蒂拉贾,演员,1,False,0,0,
Q428819,巴比·卡纳佛,演员,1,True,345,13739,https://zh.wikipedia.org/wiki/%E5%B7%B4%E6%AF%94%C2%B7%E5%8D%A1%E7%B4%8D%E4%BD%9B
NAME:巴萨扎·盖提,巴萨扎·盖提,演员,1,False,0,0,
NAME:巴里·佩珀,巴里·佩珀,演员,1,False,0,0,
Q28498,布伦丹·塞克斯顿三世,演员,1,True,93,2086,https://zh.wikipedia.org/wiki/%E5%B8%83%E5%80%AB%E4%B8%B9%C2%B7%E5%A1%9E%E5%85%8B%E6%96%AF%E9%A0%93%E4%B8%89%E4%B8%96
Q180011,布兰达·宋,演员,1,True,346,4953,https://zh.wikipedia.org/wiki/%E5%B8%83%E8%98%AD%E9%81%94%C2%B7%E5%AE%8B
Q206659,布兰顿·葛利森,演员,1,True,666,29618,https://zh.wikipedia.org/wiki/%E5%B8%83%E8%98%AD%E9%A0%93%C2%B7%E8%91%9B%E5%88%A9%E6%A3%AE
NAME:布斯·韦利士,布斯·韦利士,演员,1,False,0,0,
NAME:布瑞恩·詹姆斯,布瑞恩·詹姆斯,演员,1,False,0,0,
NAME:布莱德·彼特,布莱德·彼特,演员,1,False,0,0,
Q26924801,布莱恩·泰瑞·亨利,演员,2,True,283,8340,https://zh.wikipedia.org/wiki/%E5%B8%83%E8%90%8A%E6%81%A9%C2%B7%E6%B3%B0%E7%91%9E%C2%B7%E4%BA%A8%E5%88%A9
Q23547,布莱恩·科兰斯顿,演员,1,True,290,21333,https://zh.wikipedia.org/wiki/%E5%B8%83%E8%8E%B1%E6%81%A9%C2%B7%E7%A7%91%E5%85%B0%E6%96%AF%E9%A1%BF
Q23547,布莱恩·科兰斯顿,演员,1,True,290,21333,https://zh.wikipedia.org/wiki/%E5%B8%83%E8%8E%B1%E6%81%A9%C2%B7%E7%A7%91%E5%85%B0%E6%96%AF%E9%A1%BF
NAME:布莱恩·科兰斯顿,布莱恩·科兰斯顿,演员,1,False,0,0,
Q34975,布莱恩·考克斯 (演员),演员,1,True,121,11413,https://zh.wikipedia.org/wiki/%E5%B8%83%E8%90%8A%E6%81%A9%C2%B7%E8%80%83%E5%85%8B%E6%96%AF_(%E6%BC%94%E5%93%A1)
Q1139709,布莱斯·约翰逊,演员,1,True,90,1557,https://zh.wikipedia.org/wiki/%E5%B8%83%E8%90%8A%E6%96%AF%C2%B7%E7%B4%84%E7%BF%B0%E9%81%9C
Q229775,布莱斯·达拉斯·霍华德,演员,1,True,74,4297,https://zh.wikipedia.org/wiki/%E5%B8%83%E8%8E%B1%E6%96%AF%C2%B7%E8%BE%BE%E6%8B%89%E6%96%AF%C2%B7%E9%9C%8D%E5%8D%8E%E5%BE%B7
Q162959,布蕾克·莱芙莉,演员,1,True,232,10245,https://zh.wikipedia.org/wiki/%E5%B8%83%E8%95%BE%E5%85%8B%C2%B7%E8%90%8A%E8%8A%99%E8%8E%89
Q22277167,布雷特·戈德斯坦,演员,1,True,134,21566,https://zh.wikipedia.org/wiki/%E5%B8%83%E9%9B%B7%E7%89%B9%C2%B7%E6%88%88%E5%BE%B7%E6%96%AF%E5%9D%A6
Q2680,布鲁斯·威利斯,演员,1,True,196,16921,https://zh.wikipedia.org/wiki/%E5%B8%83%E9%B2%81%E6%96%AF%C2%B7%E5%A8%81%E5%88%A9%E6%96%AF
Q2680,布鲁斯·威利斯,演员,1,True,196,16921,https://zh.wikipedia.org/wiki/%E5%B8%83%E9%B2%81%E6%96%AF%C2%B7%E5%A8%81%E5%88%A9%E6%96%AF
Q2835788,希姆许·帕托,演员,1,True,145,4314,https://zh.wikipedia.org/wiki/%E5%B8%8C%E5%A7%86%E8%A8%B1%C2%B7%E5%B8%95%E6%89%98
Q93187,希拉里·斯旺克,演员,1,True,114,8161,https://zh.wikipedia.org/wiki/%E5%B8%8C%E6%8B%89%E9%87%8C%C2%B7%E6%96%AF%E6%97%BA%E5%85%8B
Q40572,希斯·莱杰,演员,1,True,128,7230,https://zh.wikipedia.org/wiki/%E5%B8%8C%E6%96%AF%C2%B7%E8%90%8A%E5%82%91
NAME:希瑟·兰坚坎普,希瑟·兰坚坎普,演员,1,False,0,0,
Q1335213,希罗·范恩斯·提芬,演员,1,True,226,23062,https://zh.wikipedia.org/wiki/%E5%B8%8C%E7%BE%85%C2%B7%E8%8C%83%E6%81%A9%E6%96%AF%C2%B7%E6%8F%90%E8%8A%AC
NAME:希里安·墨菲,希里安·墨菲,演员,1,False,0,0,
Q204586,帕克·波西,演员,1,True,74,8345,https://zh.wikipedia.org/wiki/%E5%B8%95%E5%85%8B%C2%B7%E6%B3%A2%E8%A5%BF
NAME:帕顿·奥斯瓦尔特,帕顿·奥斯瓦尔特,演员,1,False,0,0,
NAME:席妮·史威尼,席妮·史威尼,演员,1,False,0,0,
Q49561909,席德妮·史威尼,演员,2,True,348,22268,https://zh.wikipedia.org/wiki/%E5%B8%AD%E5%BE%B7%E5%A6%AE%C2%B7%E5%8F%B2%E5%A8%81%E5%B0%BC
Q40026,席维斯·史特龙,演员,1,True,198,7978,https://zh.wikipedia.org/wiki/%E5%B8%AD%E7%B6%AD%E6%96%AF%C2%B7%E5%8F%B2%E7%89%B9%E9%BE%8D
NAME:常远,常远,演员,1,False,0,0,
Q97164582,庄达菲,演员,1,True,250,12837,https://zh.wikipedia.org/wiki/%E5%BA%84%E8%BE%BE%E8%8F%B2
Q6443390,库梅尔·南贾尼,演员,1,True,317,28171,https://zh.wikipedia.org/wiki/%E5%BA%AB%E6%A2%85%E7%88%BE%C2%B7%E5%8D%97%E8%B3%88%E5%B0%BC
Q3395911,庞·克莱门捷夫,演员,1,True,135,4660,https://zh.wikipedia.org/wiki/%E5%BA%9E%C2%B7%E5%85%8B%E8%8E%B1%E9%97%A8%E6%8D%B7%E5%A4%AB
Q231951,康妮·尼尔森,演员,1,True,370,4951,https://zh.wikipedia.org/wiki/%E5%BA%B7%E5%A6%AE%C2%B7%E5%B0%BC%E7%88%BE%E6%A3%AE
Q231951,康妮·尼尔森,演员,1,True,370,4951,https://zh.wikipedia.org/wiki/%E5%BA%B7%E5%A6%AE%C2%B7%E5%B0%BC%E7%88%BE%E6%A3%AE
Q5162259,康纳·麦格雷戈,演员,1,True,364,35019,https://zh.wikipedia.org/wiki/%E5%BA%B7%E7%BA%B3%C2%B7%E9%BA%A6%E6%A0%BC%E9%9B%B7%E6%88%88
NAME:庹宗华,庹宗华,演员,1,False,0,0,
Q28700264,廉惠兰,演员,1,True,128,9243,https://zh.wikipedia.org/wiki/%E5%BB%89%E6%83%A0%E8%98%AD
Q489326,廉晶雅,演员,1,True,30,10189,https://zh.wikipedia.org/wiki/%E5%BB%89%E6%99%B6%E9%9B%85
NAME:廖凡,廖凡,演员,1,False,0,0,
Q17362624,廖子妤,演员,1,True,188,30424,https://zh.wikipedia.org/wiki/%E5%BB%96%E5%AD%90%E5%A6%A4
NAME:廖学秋,廖学秋,演员,1,False,0,0,
WP:廖钦亮,廖钦亮,演员,1,False,0,0,
NAME:异形,异形,演员,1,False,0,0,
Q97107245,弃名错称,演员,1,True,343,13013,https://zh.wikipedia.org/wiki/%E6%A3%84%E5%90%8D%E9%8C%AF%E7%A8%B1
WP:弗朗切斯科·迪莱瓦,弗朗切斯科·迪莱瓦,演员,1,False,0,0,
NAME:弗雷迪·福克斯,弗雷迪·福克斯,演员,1,False,0,0,
Q708183,张丰毅,演员,1,True,75,6005,https://zh.wikipedia.org/wiki/%E5%BC%A0%E4%B8%B0%E6%AF%85
WP:张亚坤,张亚坤,演员,1,False,0,0,
NAME:张俪,张俪,演员,1,False,0,0,
Q626088,张允柱,演员,1,True,136,10555,https://zh.wikipedia.org/wiki/%E5%BC%B5%E5%85%81%E6%9F%B1
NAME:张兆康,张兆康,演员,1,False,0,0,
Q15921222,张再兴 (演员),演员,1,True,157,3937,https://zh.wikipedia.org/wiki/%E5%BC%B5%E5%86%8D%E8%88%88_(%E6%BC%94%E5%93%A1)
NAME:张加丽,张加丽,演员,1,False,0,0,
NAME:张华,张华,演员,1,False,0,0,
NAME:张可颐,张可颐,演员,1,False,0,0,
NAME:张同祖,张同祖,演员,1,False,0,0,
Q131549388,张哲华,演员,1,True,101,778,https://zh.wikipedia.org/wiki/%E5%BC%A0%E5%93%B2%E5%8D%8E
Q9092846,张嘉年,演员,2,True,158,22915,https://zh.wikipedia.org/wiki/%E5%BC%B5%E5%98%89%E5%B9%B4
Q313596,张国荣,演员,1,True,777,71155,https://zh.wikipedia.org/wiki/%E5%BC%B5%E5%9C%8B%E6%A6%AE
Q85879826,张天赋,演员,2,True,289,76194,https://zh.wikipedia.org/wiki/%E5%BC%B5%E5%A4%A9%E8%B3%A6
Q9085587,张子枫,演员,1,True,34,7907,https://zh.wikipedia.org/wiki/%E5%BC%A0%E5%AD%90%E6%9E%AB
Q16781,张学友,演员,1,True,597,91681,https://zh.wikipedia.org/wiki/%E5%BC%A0%E5%AD%A6%E5%8F%8B
Q70885030,张宥浩,演员,1,True,102,1894,https://zh.wikipedia.org/wiki/%E5%BC%A0%E5%AE%A5%E6%B5%A9
NAME:张家辉,张家辉,演员,1,False,0,0,
NAME:张少怀,张少怀,演员,1,False,0,0,
Q15915548,张建声,演员,1,True,56,5568,https://zh.wikipedia.org/wiki/%E5%BC%B5%E5%BB%BA%E8%81%B2
NAME:张志勇,张志勇,演员,1,False,0,0,
Q131322245,张志勇 (演员),演员,1,True,56,8058,https://zh.wikipedia.org/wiki/%E5%BC%B5%E5%BF%97%E5%8B%87_(%E6%BC%94%E5%93%A1)
NAME:张志敏,张志敏,演员,1,False,0,0,
Q9138397,张怀秋,演员,1,True,146,7649,https://zh.wikipedia.org/wiki/%E5%BC%B5%E6%87%B7%E7%A7%8B
Q55733858,张慧珍,演员,1,True,87,16924,https://zh.wikipedia.org/wiki/%E5%BC%B5%E6%85%A7%E7%8F%8D
NAME:张承贤,张承贤,演员,1,False,0,0,
NAME:张文杰,张文杰,演员,1,False,0,0,
Q48890012,张文杰,演员,1,True,73,6749,https://zh.wikipedia.org/wiki/%E5%BC%B5%E6%96%87%E5%82%91
Q697144,张智霖,演员,1,True,51,37227,https://zh.wikipedia.org/wiki/%E5%BC%B5%E6%99%BA%E9%9C%96
Q234778,张曼玉,演员,2,True,902,68321,https://zh.wikipedia.org/wiki/%E5%BC%B5%E6%9B%BC%E7%8E%89
NAME:张曼玉,张曼玉,演员,1,False,0,0,
Q234778,张曼玉,演员,1,True,902,68321,https://zh.wikipedia.org/wiki/%E5%BC%B5%E6%9B%BC%E7%8E%89
Q28418062,张本煜,演员,1,True,196,3145,https://zh.wikipedia.org/wiki/%E5%BC%B5%E6%9C%AC%E7%85%9C
NAME:张松枝,张松枝,演员,2,False,0,0,
Q3551164,张榕容,演员,1,True,154,31323,https://zh.wikipedia.org/wiki/%E5%BC%B5%E6%A6%95%E5%AE%B9
Q712088,张涵予,演员,1,True,101,12842,https://zh.wikipedia.org/wiki/%E5%BC%A0%E6%B6%B5%E4%BA%88
Q6686900,张继聪,演员,3,True,225,35425,https://zh.wikipedia.org/wiki/%E5%BC%B5%E7%B9%BC%E8%81%B0
Q12494180,张艺兴,演员,1,True,1106,99687,https://zh.wikipedia.org/wiki/%E5%BC%B5%E8%97%9D%E8%88%88
Q15931697,张若昀,演员,1,True,218,15477,https://zh.wikipedia.org/wiki/%E5%BC%A0%E8%8B%A5%E6%98%80
Q9188603,张达伦,演员,1,True,55,12024,https://zh.wikipedia.org/wiki/%E5%BC%B5%E9%81%94%E5%80%AB
Q11067686,张迅,演员,1,True,30,3769,https://zh.wikipedia.org/wiki/%E5%BC%A0%E8%BF%85
Q710634,张钧宁,演员,2,True,233,16832,https://zh.wikipedia.org/wiki/%E5%BC%B5%E9%88%9E%E7%94%AF
NAME:张雅玲,张雅玲,演员,1,False,0,0,
Q700315,张雨绮,演员,1,True,60,25026,https://zh.wikipedia.org/wiki/%E5%BC%A0%E9%9B%A8%E7%BB%AE
NAME:张震,张震,演员,1,False,0,0,
Q8070432,张震,演员,1,True,15,574,https://zh.wikipedia.org/wiki/%E5%BC%B5%E9%9C%87
Q717432,张震 (演员),演员,2,True,156,13591,https://zh.wikipedia.org/wiki/%E5%BC%B5%E9%9C%87_(%E6%BC%94%E5%93%A1)
Q76852425,张颂文,演员,1,True,33,13387,https://zh.wikipedia.org/wiki/%E5%BC%A0%E9%A2%82%E6%96%87
NAME:强·柏恩瑟,强·柏恩瑟,演员,1,False,0,0,
Q167520,强·沃特,演员,1,True,150,6801,https://zh.wikipedia.org/wiki/%E5%BC%B7%C2%B7%E6%B2%83%E7%89%B9
Q295964,强·法夫洛,演员,1,True,241,7418,https://zh.wikipedia.org/wiki/%E5%BC%B7%C2%B7%E6%B3%95%E5%A4%AB%E6%B4%9B
NAME:强尼·戴普,强尼·戴普,演员,1,False,0,0,
Q711841,彭于晏,演员,1,True,57,12557,https://zh.wikipedia.org/wiki/%E5%BD%AD%E4%BA%8E%E6%99%8F
NAME:彭梓烨,彭梓烨,演员,1,False,0,0,
Q9022817,彭波 (演员),演员,1,True,23,888,https://zh.wikipedia.org/wiki/%E5%BD%AD%E6%B3%A2_(%E6%BC%94%E5%91%98)
NAME:彭秀慧,彭秀慧,演员,1,False,0,0,
Q295148,彼得·斯特曼,演员,1,True,204,21232,https://zh.wikipedia.org/wiki/%E5%BD%BC%E5%BE%97%C2%B7%E6%96%AF%E7%89%B9%E6%9B%BC
NAME:彼得·普斯特李威,彼得·普斯特李威,演员,1,False,0,0,
Q315099,彼得·赛斯嘉,演员,1,True,776,14233,https://zh.wikipedia.org/wiki/%E5%BD%BC%E5%BE%97%C2%B7%E8%B3%BD%E6%96%AF%E5%98%89
NAME:彼得·雅各布森,彼得·雅各布森,演员,2,False,0,0,
Q48913612,徐刚,演员,1,True,118,197,https://zh.wikipedia.org/wiki/%E5%BE%90%E5%88%9A
Q893129,徐峥,演员,2,True,192,13703,https://zh.wikipedia.org/wiki/%E5%BE%90%E5%B3%A5
NAME:徐志胜,徐志胜,演员,1,False,0,0,
Q42930,德斯汀·荷夫曼,演员,2,True,766,30764,https://zh.wikipedia.org/wiki/%E5%BE%B7%E6%96%AF%E6%B1%80%C2%B7%E8%8D%B7%E5%A4%AB%E6%9B%BC
Q256164,德雷克·雅可比,演员,1,True,75,4509,https://zh.wikipedia.org/wiki/%E5%BE%B7%E9%9B%B7%E5%85%8B%C2%B7%E9%9B%85%E5%8F%AF%E6%AF%94
Q65012920,德鲁·斯塔基,演员,1,True,172,9549,https://zh.wikipedia.org/wiki/%E5%BE%B7%E9%B2%81%C2%B7%E6%96%AF%E5%A1%94%E5%9F%BA
Q40070,志村乔,演员,1,True,146,2540,https://zh.wikipedia.org/wiki/%E5%BF%97%E6%9D%91%E5%96%AC
Q15542608,怀亚特·罗素,演员,1,True,81,5109,https://zh.wikipedia.org/wiki/%E6%87%B7%E4%BA%9E%E7%89%B9%C2%B7%E7%BE%85%E7%B4%A0
Q1085588,性别过渡,演员,1,True,496,9723,https://zh.wikipedia.org/wiki/%E6%80%A7%E5%88%A5%E9%81%8E%E6%B8%A1
NAME:恶棍英雄：死侍,恶棍英雄：死侍,演员,1,False,0,0,
Q11073341,惠利,演员,1,True,554,49210,https://zh.wikipedia.org/wiki/%E6%83%A0%E5%88%A9
Q3936510,成东镒,演员,1,True,57,7110,https://zh.wikipedia.org/wiki/%E6%88%90%E6%9D%B1%E9%8E%B0
Q20041957,成田凌,演员,1,True,88,5618,https://zh.wikipedia.org/wiki/%E6%88%90%E7%94%B0%E5%87%8C
Q36970,成龙,演员,2,True,473,53519,https://zh.wikipedia.org/wiki/%E6%88%90%E9%BE%8D
WP:我修院达也,我修院达也,演员,1,False,0,0,
Q15928919,戴军,演员,1,True,92,1416,https://zh.wikipedia.org/wiki/%E6%88%B4%E5%86%9B
Q44158,戴夫·巴帝斯塔,演员,1,True,116,11451,https://zh.wikipedia.org/wiki/%E6%88%B4%E5%A4%AB%C2%B7%E5%B7%B4%E5%B8%9D%E6%96%AF%E5%A1%94
Q44158,戴夫·巴帝斯塔,演员,2,True,116,11451,https://zh.wikipedia.org/wiki/%E6%88%B4%E5%A4%AB%C2%B7%E5%B7%B4%E5%B8%9D%E6%96%AF%E5%A1%94
NAME:戴夫·帕托,戴夫·帕托,演员,1,False,0,0,
Q383930,戴夫·法兰科,演员,1,True,141,4648,https://zh.wikipedia.org/wiki/%E6%88%B4%E5%A4%AB%C2%B7%E6%B3%95%E8%98%AD%E7%A7%91
NAME:戴文·博斯蒂克,戴文·博斯蒂克,演员,1,False,0,0,
NAME:戴文·沃克海瑟,戴文·沃克海瑟,演员,1,False,0,0,
NAME:戴维·海明斯,戴维·海明斯,演员,1,False,0,0,
Q20973977,戴维德·迪格斯,演员,1,True,303,24032,https://zh.wikipedia.org/wiki/%E6%88%B4%E7%B6%AD%E5%BE%B7%C2%B7%E8%BF%AA%E6%A0%BC%E6%96%AF
Q207596,戴露·汉娜,演员,1,True,63,2096,https://zh.wikipedia.org/wiki/%E6%88%B4%E9%9C%B2%C2%B7%E6%BC%A2%E5%A8%9C
Q1370797,户田惠子,演员,1,True,106,111389,https://zh.wikipedia.org/wiki/%E6%88%B6%E7%94%B0%E6%83%A0%E5%AD%90
NAME:托尼·戈德温,托尼·戈德温,演员,1,False,0,0,
Q601032,托尼·海尔,演员,1,True,81,3438,https://zh.wikipedia.org/wiki/%E6%89%98%E5%B0%BC%C2%B7%E6%B5%B7%E7%88%BE
NAME:托尼·海尔,托尼·海尔,演员,1,False,0,0,
NAME:托弗·格雷斯,托弗·格雷斯,演员,2,False,0,0,
Q946117,托比·哈斯,演员,1,True,44,1558,https://zh.wikipedia.org/wiki/%E6%89%98%E6%AF%94%C2%B7%E5%93%88%E6%96%AF
NAME:托马斯·列侬,托马斯·列侬,演员,1,False,0,0,
Q1272489,拉尔夫·伊尼森,演员,1,True,159,1676,https://zh.wikipedia.org/wiki/%E6%8B%89%E7%88%BE%E5%A4%AB%C2%B7%E4%BC%8A%E5%B0%BC%E6%A3%AE
NAME:拉尔夫·尹爱森,拉尔夫·尹爱森,演员,1,False,0,0,
Q24312969,拉沙娜·林奇,演员,1,True,169,5483,https://zh.wikipedia.org/wiki/%E6%8B%89%E6%B2%99%E5%A8%9C%C2%B7%E6%9E%97%E5%A5%87
Q6502596,拉薇安·考克斯,演员,1,True,228,5246,https://zh.wikipedia.org/wiki/%E6%8B%89%E8%96%87%E5%AE%89%C2%B7%E8%80%83%E5%85%8B%E6%96%AF
Q515095,提姆·布雷克·尼尔森,演员,1,True,149,13196,https://zh.wikipedia.org/wiki/%E6%8F%90%E5%A7%86%C2%B7%E5%B8%83%E9%9B%B7%E5%85%8B%C2%B7%E5%B0%BC%E7%88%BE%E6%A3%AE
NAME:提姆·布雷克·尼尔森,提姆·布雷克·尼尔森,演员,1,False,0,0,
NAME:提姆·德凯,提姆·德凯,演员,1,False,0,0,
NAME:提姆·罗斯,提姆·罗斯,演员,1,False,0,0,
Q16138801,提拉达·迈特瓦拉育,演员,1,True,147,8895,https://zh.wikipedia.org/wiki/%E6%8F%90%E6%8B%89%E9%81%94%C2%B7%E9%82%81%E7%89%B9%E7%93%A6%E6%8B%89%E8%82%B2
NAME:提摩西·夏勒梅,提摩西·夏勒梅,演员,1,False,0,0,
Q19877770,提摩西·夏勒梅,演员,1,True,479,62905,https://zh.wikipedia.org/wiki/%E6%8F%90%E6%91%A9%E8%A5%BF%C2%B7%E5%A4%8F%E5%8B%92%E6%A2%85
Q48337,摩根·弗里曼,演员,2,True,93,20732,https://zh.wikipedia.org/wiki/%E6%91%A9%E6%A0%B9%C2%B7%E5%BC%97%E9%87%8C%E6%9B%BC
NAME:摩根·弗里曼,摩根·弗里曼,演员,1,False,0,0,
Q48337,摩根·弗里曼,演员,1,True,93,20732,https://zh.wikipedia.org/wiki/%E6%91%A9%E6%A0%B9%C2%B7%E5%BC%97%E9%87%8C%E6%9B%BC
Q310315,文·雷姆斯,演员,3,True,135,12182,https://zh.wikipedia.org/wiki/%E6%96%87%C2%B7%E9%9B%B7%E5%A7%86%E6%96%AF
Q320052,文森·唐诺佛利欧,演员,1,True,267,9079,https://zh.wikipedia.org/wiki/%E6%96%87%E6%A3%AE%C2%B7%E5%94%90%E8%AB%BE%E4%BD%9B%E5%88%A9%E6%AD%90
NAME:斉藤由贵,斉藤由贵,演员,1,False,0,0,
Q986880,斋藤彩夏,演员,1,True,101,9083,https://zh.wikipedia.org/wiki/%E9%BD%8B%E8%97%A4%E5%BD%A9%E5%A4%8F
NAME:斯力更,斯力更,演员,1,False,0,0,
Q15726286,斯塔西·马汀,演员,1,True,98,5232,https://zh.wikipedia.org/wiki/%E6%96%AF%E5%A1%94%E8%A5%BF%C2%B7%E9%A9%AC%E6%B1%80
NAME:斯派克·琼斯,斯派克·琼斯,演员,1,False,0,0,
Q2165590,斯潘塞·特里特·克拉克,演员,1,True,116,3646,https://zh.wikipedia.org/wiki/%E6%96%AF%E6%BD%98%E5%A1%9E%C2%B7%E7%89%B9%E9%87%8C%E7%89%B9%C2%B7%E5%85%8B%E6%8B%89%E5%85%8B
Q208667,斯特兰·斯卡斯加德,演员,1,True,104,12629,https://zh.wikipedia.org/wiki/%E6%96%AF%E7%89%B9%E5%85%B0%C2%B7%E6%96%AF%E5%8D%A1%E6%96%AF%E5%8A%A0%E5%BE%B7
WP:斯特凡诺·阿科尔西,斯特凡诺·阿科尔西,演员,1,False,0,0,
Q3295000,斯特林·K·布朗,演员,1,True,284,24856,https://zh.wikipedia.org/wiki/%E6%96%AF%E7%89%B9%E6%9E%97%C2%B7K%C2%B7%E5%B8%83%E6%9C%97
NAME:斯琴高娃,斯琴高娃,演员,1,False,0,0,
Q28310,斯科特·阿金斯,演员,2,True,134,8863,https://zh.wikipedia.org/wiki/%E6%96%AF%E7%A7%91%E7%89%B9%C2%B7%E9%98%BF%E9%87%91%E6%96%AF
NAME:斯荣德·福斯·奥瓦格,斯荣德·福斯·奥瓦格,演员,1,False,0,0,
Q212886,斯蒂芬·科拜尔,演员,1,True,849,29323,https://zh.wikipedia.org/wiki/%E6%96%AF%E8%92%82%E8%8A%AC%C2%B7%E7%A7%91%E6%8B%9C%E5%B0%94
Q1137510,新垣结衣,演员,1,True,144,32832,https://zh.wikipedia.org/wiki/%E6%96%B0%E5%9E%A3%E7%B5%90%E8%A1%A3
NAME:方化,方化,演员,1,False,0,0,
Q22077849,施名帅,演员,1,True,422,27161,https://zh.wikipedia.org/wiki/%E6%96%BD%E5%90%8D%E5%B8%A5
Q193458,施安娜·米勒,演员,2,True,98,13671,https://zh.wikipedia.org/wiki/%E6%96%BD%E5%AE%89%E5%A8%9C%C2%B7%E7%B1%B3%E5%8B%92
Q49563,日高范子,演员,1,True,231,71777,https://zh.wikipedia.org/wiki/%E6%97%A5%E9%AB%98%E7%AF%84%E5%AD%90
Q1153079,早见沙织,演员,1,True,342,106124,https://zh.wikipedia.org/wiki/%E6%97%A9%E8%A6%8B%E6%B2%99%E7%B9%94
Q237194,旺达·塞克丝,演员,1,True,257,5526,https://zh.wikipedia.org/wiki/%E6%97%BA%E8%BE%BE%C2%B7%E5%A1%9E%E5%85%8B%E4%B8%9D
Q310375,昆瑙·纳亚尔,演员,1,True,174,3168,https://zh.wikipedia.org/wiki/%E6%98%86%E7%91%99%C2%B7%E7%BA%B3%E4%BA%9A%E5%B0%94
Q22966646,易烊千玺,演员,1,True,158,30208,https://zh.wikipedia.org/wiki/%E6%98%93%E7%83%8A%E5%8D%83%E7%8E%BA
NAME:昶玮,昶玮,演员,1,False,0,0,
Q1190439,普拉部·地伐,演员,1,True,132,1257,https://zh.wikipedia.org/wiki/%E6%99%AE%E6%8B%89%E9%83%A8%C2%B7%E5%9C%B0%E4%BC%90
Q55163532,普提蓬·阿萨拉塔纳功,演员,1,True,409,46173,https://zh.wikipedia.org/wiki/%E6%99%AE%E6%8F%90%E8%93%AC%C2%B7%E9%98%BF%E8%96%A9%E6%8B%89%E5%A1%94%E7%B4%8D%E5%8A%9F
WP:曲哲明,曲哲明,演员,1,False,0,0,
Q391965,曹政奭,演员,2,True,279,46514,https://zh.wikipedia.org/wiki/%E6%9B%B9%E6%94%BF%E5%A5%AD
Q626347,曹汝贞,演员,1,True,83,14969,https://zh.wikipedia.org/wiki/%E6%9B%B9%E6%B1%9D%E8%B2%9E
Q626347,曹汝贞,演员,1,True,83,14969,https://zh.wikipedia.org/wiki/%E6%9B%B9%E6%B1%9D%E8%B2%9E
NAME:曹瑜,曹瑜,演员,1,False,0,0,
Q8975624,曾威豪,演员,1,True,298,7391,https://zh.wikipedia.org/wiki/%E6%9B%BE%E5%A8%81%E8%B1%AA
Q445608,曾志伟,演员,2,True,307,63874,https://zh.wikipedia.org/wiki/%E6%9B%BE%E5%BF%97%E5%81%89
WP:曾慕梅,曾慕梅,演员,1,False,0,0,
NAME:曾晓芬,曾晓芬,演员,1,False,0,0,
NAME:曾比特,曾比特,演员,1,False,0,0,
NAME:曾睿彤,曾睿彤,演员,1,False,0,0,
Q871576,有村架纯,演员,1,True,84,20755,https://zh.wikipedia.org/wiki/%E6%9C%89%E6%9D%91%E6%9E%B6%E7%B4%94
Q220698,朗·普尔曼,演员,1,True,424,18258,https://zh.wikipedia.org/wiki/%E6%9C%97%C2%B7%E6%99%AE%E5%B0%94%E6%9B%BC
Q362254,木村拓哉,演员,2,True,262,26583,https://zh.wikipedia.org/wiki/%E6%9C%A8%E6%9D%91%E6%8B%93%E5%93%89
Q13099808,木村文乃,演员,1,True,70,22707,https://zh.wikipedia.org/wiki/%E6%9C%A8%E6%9D%91%E6%96%87%E4%B9%83
Q342617,本·惠肖,演员,1,True,240,8194,https://zh.wikipedia.org/wiki/%E6%9C%AC%C2%B7%E6%83%A0%E8%82%96
Q4886423,本·施瓦茨,演员,1,True,128,3331,https://zh.wikipedia.org/wiki/%E6%9C%AC%C2%B7%E6%96%BD%E7%93%A6%E8%8C%A8
NAME:本·米勒,本·米勒,演员,1,False,0,0,
Q173158,本·金斯利,演员,2,True,144,16607,https://zh.wikipedia.org/wiki/%E6%9C%AC%C2%B7%E9%87%91%E6%96%AF%E5%88%A9
Q73362,本杰明·布拉特,演员,1,True,162,9037,https://zh.wikipedia.org/wiki/%E6%9C%AC%E6%9D%B0%E6%98%8E%C2%B7%E5%B8%83%E6%8B%89%E7%89%B9
Q9186733,朱亚文,演员,1,True,31,4707,https://zh.wikipedia.org/wiki/%E6%9C%B1%E4%BA%9A%E6%96%87
Q13014261,朱塔吾·帕塔拉刚普,演员,1,True,134,2619,https://zh.wikipedia.org/wiki/%E6%9C%B1%E5%A1%94%E5%90%BE%C2%B7%E5%B8%95%E5%A1%94%E6%8B%89%E5%88%9A%E6%99%AE
NAME:朱塞佩·德多梅尼科（Giuseppe De Domenico）,朱塞佩·德多梅尼科（Giuseppe De Domenico）,演员,1,False,0,0,
Q2350967,朱妮·丝莫利特,演员,1,True,159,1054,https://zh.wikipedia.org/wiki/%E6%9C%B1%E5%A6%AE%C2%B7%E7%B5%B2%E8%8E%AB%E5%88%A9%E7%89%B9
Q13560481,朱恩·斯奎布,演员,1,True,41,5631,https://zh.wikipedia.org/wiki/%E6%9C%B1%E6%81%A9%C2%B7%E6%96%AF%E5%A5%8E%E5%B8%83
Q7301982,朱晨丽,演员,2,True,127,28653,https://zh.wikipedia.org/wiki/%E6%9C%B1%E6%99%A8%E9%BA%97
Q83613070,朱栢康,演员,1,True,137,19066,https://zh.wikipedia.org/wiki/%E6%9C%B1%E6%A0%A2%E5%BA%B7
NAME:朱栢康,朱栢康,演员,1,False,0,0,
NAME:朱栢谦,朱栢谦,演员,1,False,0,0,
NAME:朱然,朱然,演员,1,False,0,0,
Q234434,朱诺·谭波儿,演员,1,True,158,15207,https://zh.wikipedia.org/wiki/%E6%9C%B1%E8%AF%BA%C2%B7%E8%B0%AD%E6%B3%A2%E5%84%BF
Q31178948,朴世阮,演员,1,True,134,6431,https://zh.wikipedia.org/wiki/%E6%9C%B4%E4%B8%96%E9%98%AE
Q16081558,朴丙垠,演员,1,True,49,6486,https://zh.wikipedia.org/wiki/%E6%9C%B4%E4%B8%99%E5%9E%A0
Q24000700,朴勋,演员,1,True,103,17245,https://zh.wikipedia.org/wiki/%E6%9C%B4%E5%8B%B3
Q30114466,朴志训,演员,1,True,243,55219,https://zh.wikipedia.org/wiki/%E6%9C%B4%E5%BF%97%E8%A8%93
Q483122,朴新阳,演员,1,True,41,2629,https://zh.wikipedia.org/wiki/%E6%9C%B4%E6%96%B0%E9%99%BD
Q55737092,朴智焕,演员,1,True,156,9968,https://zh.wikipedia.org/wiki/%E6%9C%B4%E6%99%BA%E7%84%95
Q55737092,朴智焕,演员,1,True,156,9968,https://zh.wikipedia.org/wiki/%E6%9C%B4%E6%99%BA%E7%84%95
Q55730087,朴智贤,演员,1,True,54,6953,https://zh.wikipedia.org/wiki/%E6%9C%B4%E6%99%BA%E8%B3%A2
Q12597061,朴正民,演员,2,True,49,7210,https://zh.wikipedia.org/wiki/%E6%9C%B4%E6%AD%A3%E6%B0%91
Q18700040,朴素淡,演员,1,True,49,10265,https://zh.wikipedia.org/wiki/%E6%9C%B4%E7%B4%A0%E6%B7%A1
NAME:机关枪凯利,机关枪凯利,演员,1,False,0,0,
NAME:权友,权友,演员,1,False,0,0,
Q6771032,权海骁,演员,1,True,45,8256,https://zh.wikipedia.org/wiki/%E6%AC%8A%E6%B5%B7%E9%A9%8D
Q3985325,杉本哲太,演员,1,True,99,4232,https://zh.wikipedia.org/wiki/%E6%9D%89%E6%9C%AC%E5%93%B2%E5%A4%AA
NAME:李业辉,李业辉,演员,1,False,0,0,
Q18013648,李东辉 (演员),演员,2,True,30,7570,https://zh.wikipedia.org/wiki/%E6%9D%8E%E6%9D%B1%E8%BC%9D_(%E6%BC%94%E5%93%A1)
NAME:李主傧,李主傧,演员,1,False,0,0,
Q12612014,李伊,演员,1,True,48,3990,https://zh.wikipedia.org/wiki/%E6%9D%8E%E4%BC%8A
Q254166,李冰冰,演员,1,True,307,14907,https://zh.wikipedia.org/wiki/%E6%9D%8E%E5%86%B0%E5%86%B0
NAME:李凡秀,李凡秀,演员,1,False,0,0,
NAME:李凯贤,李凯贤,演员,2,False,0,0,
Q66737132,李到𬀪,演员,1,True,58,7399,https://zh.wikipedia.org/wiki/%E6%9D%8E%E5%88%B0%E6%99%9B
NAME:李勋,李勋,演员,1,False,0,0,
Q489681,李善均,演员,2,True,72,24844,https://zh.wikipedia.org/wiki/%E6%9D%8E%E5%96%84%E5%9D%87
NAME:李国强,李国强,演员,1,False,0,0,
Q6768534,李国煌,演员,2,True,62,16697,https://zh.wikipedia.org/wiki/%E6%9D%8E%E5%9C%8B%E7%85%8C
Q3846689,李天禄,演员,1,True,114,4411,https://zh.wikipedia.org/wiki/%E6%9D%8E%E5%A4%A9%E7%A5%BF
Q20444069,李奎炯,演员,1,True,156,25238,https://zh.wikipedia.org/wiki/%E6%9D%8E%E5%A5%8E%E7%82%AF
NAME:李奥纳多·狄卡皮欧,李奥纳多·狄卡皮欧,演员,1,False,0,0,
Q97224484,李宙明,演员,1,True,41,5769,https://zh.wikipedia.org/wiki/%E6%9D%8E%E5%AE%99%E6%98%8E
Q106775,李察·哈里斯,演员,1,True,779,13352,https://zh.wikipedia.org/wiki/%E6%9D%8E%E5%AF%9F%C2%B7%E5%93%88%E9%87%8C%E6%96%AF
Q48410,李察·基尔,演员,1,True,138,15993,https://zh.wikipedia.org/wiki/%E6%9D%8E%E5%AF%9F%C2%B7%E5%9F%BA%E7%88%BE
NAME:李察·布雷克,李察·布雷克,演员,1,False,0,0,
NAME:李察·朗次,李察·朗次,演员,1,False,0,0,
Q51506,李察·艾登堡,演员,1,True,162,13137,https://zh.wikipedia.org/wiki/%E6%9D%8E%E5%AF%9F%C2%B7%E8%89%BE%E7%99%BB%E5%A0%A1
NAME:李尚正,李尚正,演员,1,False,0,0,
Q496314,李帝勋,演员,1,True,156,30580,https://zh.wikipedia.org/wiki/%E6%9D%8E%E5%B8%9D%E5%8B%B3
WP:李庚酉,李庚酉,演员,1,False,0,0,
Q705351,李康生,演员,1,True,185,10974,https://zh.wikipedia.org/wiki/%E6%9D%8E%E5%BA%B7%E7%94%9F
Q1129782,李昕,演员,1,True,106,526,https://zh.wikipedia.org/wiki/%E6%9D%8E%E6%98%95
Q6515213,李星民,演员,1,True,99,27919,https://zh.wikipedia.org/wiki/%E6%9D%8E%E6%98%9F%E6%B0%91
NAME:李桑德罗·阿隆索,李桑德罗·阿隆索,演员,1,False,0,0,
NAME:李梓嘉,李梓嘉,演员,1,False,0,0,
Q69697261,李正河,演员,1,True,83,11911,https://zh.wikipedia.org/wiki/%E6%9D%8E%E6%AD%A3%E6%B2%B3
Q153737,李民基,演员,1,True,76,4485,https://zh.wikipedia.org/wiki/%E6%9D%8E%E6%B0%91%E5%9F%BA
NAME:李沛旭,李沛旭,演员,1,False,0,0,
Q478849,李治廷,演员,1,True,81,12874,https://zh.wikipedia.org/wiki/%E6%9D%8E%E6%B2%BB%E5%BB%B7
Q49580130,李濬荣,演员,1,True,350,21297,https://zh.wikipedia.org/wiki/%E6%9D%8E%E6%BF%AC%E6%A6%AE
Q492243,李熙俊,演员,3,True,68,3841,https://zh.wikipedia.org/wiki/%E6%9D%8E%E7%86%99%E4%BF%8A
Q488838,李玹雨,演员,1,True,34,19537,https://zh.wikipedia.org/wiki/%E6%9D%8E%E7%8E%B9%E9%9B%A8
Q5354973,李琳琳,演员,1,True,373,55628,https://zh.wikipedia.org/wiki/%E6%9D%8E%E7%90%B3%E7%90%B3
Q55695813,李砚,演员,1,True,52,3477,https://zh.wikipedia.org/wiki/%E6%9D%8E%E7%A0%9A
Q19794922,李秀敬,演员,1,True,168,8542,https://zh.wikipedia.org/wiki/%E6%9D%8E%E7%A7%80%E6%95%AC
NAME:李紫莹,李紫莹,演员,1,False,0,0,
Q486177,李美淑,演员,1,True,29,4316,https://zh.wikipedia.org/wiki/%E6%9D%8E%E7%BE%8E%E6%B7%91
NAME:李耀堃,李耀堃,演员,1,False,0,0,
NAME:李胜,李胜,演员,1,False,0,0,
Q97300671,李茂生 (演员),演员,2,True,136,6131,https://zh.wikipedia.org/wiki/%E6%9D%8E%E8%8C%82%E7%94%9F_(%E6%BC%94%E5%93%A1)
Q16176528,李蕊 (韩国演员),演员,1,True,50,5900,https://zh.wikipedia.org/wiki/%E6%9D%8E%E8%95%8A_(%E9%9F%A9%E5%9B%BD%E6%BC%94%E5%91%98)
Q16745996,李贤旭,演员,1,True,114,19406,https://zh.wikipedia.org/wiki/%E6%9D%8E%E8%B3%A2%E6%97%AD
NAME:李进中,李进中,演员,1,False,0,0,
Q47544807,李铭忠,演员,2,True,128,7786,https://zh.wikipedia.org/wiki/%E6%9D%8E%E9%8A%98%E5%BF%A0
NAME:李铭忠,李铭忠,演员,1,False,0,0,
Q105717911,李雪琴,演员,1,True,89,9061,https://zh.wikipedia.org/wiki/%E6%9D%8E%E9%9B%AA%E7%90%B4
Q11523377,村濑步,演员,1,True,85,187508,https://zh.wikipedia.org/wiki/%E6%9D%91%E7%80%A8%E6%AD%A5
Q21914464,杜娃·黎波,演员,1,True,541,27776,https://zh.wikipedia.org/wiki/%E6%9D%9C%E5%A8%83%C2%B7%E9%BB%8E%E6%B3%A2
Q9212549,杜燕歌,演员,1,True,87,15939,https://zh.wikipedia.org/wiki/%E6%9D%9C%E7%87%95%E6%AD%8C
Q60737294,杨伯文,演员,1,True,81,4113,https://zh.wikipedia.org/wiki/%E6%9D%A8%E4%BC%AF%E6%96%87
Q15900137,杨子姗,演员,1,True,571,12829,https://zh.wikipedia.org/wiki/%E6%9D%A8%E5%AD%90%E5%A7%97
WP:杨惟杰,杨惟杰,演员,1,False,0,0,
NAME:杨瑾,杨瑾,演员,1,False,0,0,
Q127427842,杨皓宇 (1974年),演员,1,True,111,6055,https://zh.wikipedia.org/wiki/%E6%9D%A8%E7%9A%93%E5%AE%87_(1974%E5%B9%B4)
NAME:杨谨华,杨谨华,演员,1,False,0,0,
NAME:杨达敬,杨达敬,演员,1,False,0,0,
Q60994156,杨采钰,演员,1,True,160,3051,https://zh.wikipedia.org/wiki/%E6%9D%A8%E9%87%87%E9%92%B0
NAME:杭特·薛佛,杭特·薛佛,演员,1,False,0,0,
NAME:杰佛逊·霍尔,杰佛逊·霍尔,演员,1,False,0,0,
NAME:杰克·卡特莫-史考特,杰克·卡特莫-史考特,演员,1,False,0,0,
Q133313,杰克·吉林哈尔,演员,2,True,486,17962,https://zh.wikipedia.org/wiki/%E6%9D%B0%E5%85%8B%C2%B7%E5%90%89%E6%9E%97%E5%93%88%E5%B0%94
Q59727812,杰克·哈洛,演员,1,True,432,4023,https://zh.wikipedia.org/wiki/%E5%82%91%E5%85%8B%C2%B7%E5%93%88%E6%B4%9B
NAME:杰克·奎德,杰克·奎德,演员,1,False,0,0,
Q483907,杰克·布莱克,演员,2,True,299,21131,https://zh.wikipedia.org/wiki/%E5%82%91%E5%85%8B%C2%B7%E5%B8%83%E8%90%8A%E5%85%8B
Q6113745,杰克·洛登,演员,1,True,225,5474,https://zh.wikipedia.org/wiki/%E5%82%91%E5%85%8B%C2%B7%E6%B4%9B%E7%99%BB
WP:杰克·韦伯,杰克·韦伯,演员,1,False,0,0,
Q560178,杰基·史洛夫,演员,1,True,331,6899,https://zh.wikipedia.org/wiki/%E6%9D%B0%E5%9F%BA%C2%B7%E5%8F%B2%E6%B4%9B%E5%A4%AB
Q314606,杰夫·法赫,演员,2,True,87,1625,https://zh.wikipedia.org/wiki/%E5%82%91%E5%A4%AB%C2%B7%E6%B3%95%E8%B5%AB
Q106706,杰夫·高布伦,演员,2,True,225,7510,https://zh.wikipedia.org/wiki/%E5%82%91%E5%A4%AB%C2%B7%E9%AB%98%E5%B8%83%E5%80%AB
NAME:杰奇·卡尤,杰奇·卡尤,演员,1,False,0,0,
Q298682,杰曼·翰苏,演员,2,True,184,8148,https://zh.wikipedia.org/wiki/%E6%9D%B0%E6%9B%BC%C2%B7%E7%BF%B0%E8%8B%8F
Q298682,杰曼·翰苏,演员,1,True,184,8148,https://zh.wikipedia.org/wiki/%E6%9D%B0%E6%9B%BC%C2%B7%E7%BF%B0%E8%8B%8F
NAME:杰森·克拉克,杰森·克拉克,演员,1,False,0,0,
Q284636,杰森·贝特曼,演员,1,True,218,7866,https://zh.wikipedia.org/wiki/%E5%82%91%E6%A3%AE%C2%B7%E8%B2%9D%E7%89%B9%E6%9B%BC
Q484523,杰瑞德·莱托,演员,1,True,654,39390,https://zh.wikipedia.org/wiki/%E6%9D%B0%E7%91%9E%E5%BE%B7%C2%B7%E8%8E%B1%E6%89%98
NAME:杰瑞德·莱托,杰瑞德·莱托,演员,1,False,0,0,
Q15854232,杰瑞米·史壮,演员,1,True,270,8667,https://zh.wikipedia.org/wiki/%E5%82%91%E7%91%9E%E7%B1%B3%C2%B7%E5%8F%B2%E5%A3%AF
Q171745,杰瑞米·艾朗,演员,1,True,310,12191,https://zh.wikipedia.org/wiki/%E5%82%91%E7%91%9E%E7%B1%B3%C2%B7%E8%89%BE%E6%9C%97
Q23365,杰瑞米·雷纳,演员,1,True,340,21900,https://zh.wikipedia.org/wiki/%E6%9D%B0%E7%91%9E%E7%B1%B3%C2%B7%E9%9B%B7%E7%BA%B3
Q313283,杰米·坎贝尔·鲍尔,演员,2,True,356,26837,https://zh.wikipedia.org/wiki/%E5%82%91%E7%B1%B3%C2%B7%E5%9D%8E%E8%B2%9D%E7%88%BE%C2%B7%E9%AE%91%E7%88%BE
Q171905,杰米·福克斯,演员,1,True,255,24961,https://zh.wikipedia.org/wiki/%E5%82%91%E7%B1%B3%C2%B7%E7%A6%8F%E5%85%8B%E6%96%AF
NAME:杰西·普莱蒙,杰西·普莱蒙,演员,1,False,0,0,
Q1138674,杰西·普莱蒙,演员,1,True,122,9681,https://zh.wikipedia.org/wiki/%E6%9D%B0%E8%A5%BF%C2%B7%E6%99%AE%E8%8E%B1%E8%92%99
NAME:杰西·艾森柏格,杰西·艾森柏格,演员,1,False,0,0,
Q219512,杰西·艾森柏格,演员,1,True,276,20676,https://zh.wikipedia.org/wiki/%E5%82%91%E8%A5%BF%C2%B7%E8%89%BE%E6%A3%AE%E6%9F%8F%E6%A0%BC
Q2175951,杰西卡·威廉姆斯,演员,1,True,87,3066,https://zh.wikipedia.org/wiki/%E6%9D%B0%E8%A5%BF%E5%8D%A1%C2%B7%E5%A8%81%E5%BB%89%E5%A7%86%E6%96%AF
Q229313,杰西卡·查斯坦,演员,1,True,165,12378,https://zh.wikipedia.org/wiki/%E6%9D%B0%E8%A5%BF%E5%8D%A1%C2%B7%E6%9F%A5%E6%96%AF%E5%9D%A6
Q229313,杰西卡·查斯坦,演员,1,True,165,12378,https://zh.wikipedia.org/wiki/%E6%9D%B0%E8%A5%BF%E5%8D%A1%C2%B7%E6%9F%A5%E6%96%AF%E5%9D%A6
NAME:杰里米·戴维斯,杰里米·戴维斯,演员,1,False,0,0,
NAME:杰里米·西奥伯德,杰里米·西奥伯德,演员,1,False,0,0,
Q1074012,松本真理香,演员,1,True,50,5350,https://zh.wikipedia.org/wiki/%E6%9D%BE%E6%9C%AC%E7%9C%9F%E7%90%86%E9%A6%99
Q1075103,松田洋治,演员,1,True,61,3169,https://zh.wikipedia.org/wiki/%E6%9D%BE%E7%94%B0%E6%B4%8B%E6%B2%BB
Q17230362,松田飒水,演员,1,True,87,15939,https://zh.wikipedia.org/wiki/%E6%9D%BE%E7%94%B0%E9%A2%AF%E6%B0%B4
Q30943000,林哲熹,演员,1,True,288,8744,https://zh.wikipedia.org/wiki/%E6%9E%97%E5%93%B2%E7%86%B9
Q709135,林嘉欣,演员,1,True,101,19088,https://zh.wikipedia.org/wiki/%E6%9E%97%E5%98%89%E6%AC%A3
NAME:林宴慈,林宴慈,演员,1,False,0,0,
NAME:林家栋,林家栋,演员,1,False,0,0,
Q519834,林峰,演员,1,True,880,109497,https://zh.wikipedia.org/wiki/%E6%9E%97%E5%B3%AF
WP:林昀憓,林昀憓,演员,1,False,0,0,
Q21652196,林明祯,演员,2,True,95,12980,https://zh.wikipedia.org/wiki/%E6%9E%97%E6%98%8E%E7%A6%8E
WP:林晓杰,林晓杰,演员,1,False,0,0,
Q16865262,林智妍,演员,1,True,98,8407,https://zh.wikipedia.org/wiki/%E6%9E%97%E6%99%BA%E5%A6%8D
NAME:林熙彤,林熙彤,演员,1,False,0,0,
Q15901859,林耀声,演员,1,True,55,5688,https://zh.wikipedia.org/wiki/%E6%9E%97%E8%80%80%E8%81%B2
NAME:林雪,林雪,演员,1,False,0,0,
NAME:林鹤轩,林鹤轩,演员,1,False,0,0,
Q2500252,柊瑠美,演员,1,True,33,2436,https://zh.wikipedia.org/wiki/%E6%9F%8A%E7%91%A0%E7%BE%8E
Q875644,染谷将太,演员,1,True,112,12296,https://zh.wikipedia.org/wiki/%E6%9F%93%E8%B0%B7%E5%B0%86%E5%A4%AA
Q218279,柔伊·德区,演员,1,True,149,7014,https://zh.wikipedia.org/wiki/%E6%9F%94%E4%BC%8A%C2%B7%E5%BE%B7%E5%8D%80
NAME:柔夏·玛美德,柔夏·玛美德,演员,1,False,0,0,
Q29296233,查农·桑提纳同库,演员,1,True,122,12145,https://zh.wikipedia.org/wiki/%E6%9F%A5%E8%BE%B2%C2%B7%E6%A1%91%E6%8F%90%E7%B4%8D%E5%90%8C%E5%BA%AB
Q212064,查宁·塔图,演员,1,True,273,18134,https://zh.wikipedia.org/wiki/%E6%9F%A5%E5%AF%A7%C2%B7%E5%A1%94%E5%9C%96
Q202313,查德·麦可·莫瑞,演员,1,True,182,5159,https://zh.wikipedia.org/wiki/%E6%9F%A5%E5%BE%B7%C2%B7%E9%BA%A5%E5%8F%AF%C2%B7%E8%8E%AB%E7%91%9E
Q356294,查理·杭南,演员,1,True,203,8536,https://zh.wikipedia.org/wiki/%E6%9F%A5%E7%90%86%C2%B7%E6%9D%AD%E5%8D%97
NAME:查理·科斯莫,查理·科斯莫,演员,1,False,0,0,
Q19985219,柯林·伍德尔,演员,1,True,220,5252,https://zh.wikipedia.org/wiki/%E6%9F%AF%E6%9E%97%C2%B7%E4%BC%8D%E5%BE%B7%E7%88%BE
Q20740941,柯瑞·霍金斯,演员,1,True,84,8314,https://zh.wikipedia.org/wiki/%E6%9F%AF%E7%91%9E%C2%B7%E9%9C%8D%E9%87%91%E6%96%AF
Q8266679,柳岩,演员,1,True,74,8412,https://zh.wikipedia.org/wiki/%E6%9F%B3%E5%B2%A9
Q4120056,柳承龙,演员,1,True,51,10461,https://zh.wikipedia.org/wiki/%E6%9F%B3%E6%89%BF%E9%BE%8D
Q11264845,柳海真,演员,2,True,43,13908,https://zh.wikipedia.org/wiki/%E6%9F%B3%E6%B5%B7%E7%9C%9F
Q45229,柴克·艾弗隆,演员,1,True,220,37917,https://zh.wikipedia.org/wiki/%E6%9F%B4%E5%85%8B%C2%B7%E8%89%BE%E5%BC%97%E9%9A%86
Q234094,栗山千明,演员,1,True,133,12152,https://zh.wikipedia.org/wiki/%E6%A0%97%E5%B1%B1%E5%8D%83%E6%98%8E
Q60989195,栢天男,演员,1,True,105,8022,https://zh.wikipedia.org/wiki/%E6%A0%A2%E5%A4%A9%E7%94%B7
NAME:根岸季衣,根岸季衣,演员,1,False,0,0,
Q34460,格温妮丝·帕特罗,演员,1,True,122,15607,https://zh.wikipedia.org/wiki/%E6%A0%BC%E6%B8%A9%E5%A6%AE%E4%B8%9D%C2%B7%E5%B8%95%E7%89%B9%E7%BD%97
NAME:格雷戈利·贾巴拉,格雷戈利·贾巴拉,演员,1,False,0,0,
Q448052,桂纶镁,演员,1,True,102,13060,https://zh.wikipedia.org/wiki/%E6%A1%82%E7%B6%B8%E9%8E%82
NAME:梁 爱,梁 爱,演员,1,False,0,0,
Q118118024,梁仲恒,演员,1,True,129,12272,https://zh.wikipedia.org/wiki/%E6%A2%81%E4%BB%B2%E6%81%86
NAME:梁仲恒,梁仲恒,演员,1,False,0,0,
NAME:梁俊一,梁俊一,演员,1,False,0,0,
NAME:梁卓美,梁卓美,演员,1,False,0,0,
Q1066412,梁智强,演员,1,True,94,10058,https://zh.wikipedia.org/wiki/%E6%A2%81%E6%99%BA%E5%BC%B7
Q319001,梁朝伟,演员,5,True,207,50258,https://zh.wikipedia.org/wiki/%E6%A2%81%E6%9C%9D%E5%81%89
NAME:梁浩朗,梁浩朗,演员,1,False,0,0,
NAME:梁肯,梁肯,演员,1,False,0,0,
Q47466250,梁雍婷,演员,2,True,123,13214,https://zh.wikipedia.org/wiki/%E6%A2%81%E9%9B%8D%E5%A9%B7
NAME:梁颂晴,梁颂晴,演员,1,False,0,0,
WP:梁鸣,梁鸣,演员,1,False,0,0,
Q234581,梅兰妮·萝伦,演员,1,True,134,7123,https://zh.wikipedia.org/wiki/%E6%A2%85%E8%98%AD%E5%A6%AE%C2%B7%E8%98%BF%E5%80%AB
Q18050922,梅拉达·苏斯丽,演员,1,True,180,17109,https://zh.wikipedia.org/wiki/%E6%A2%85%E6%8B%89%E8%BE%BE%C2%B7%E8%8B%8F%E6%96%AF%E4%B8%BD
NAME:梅肯·布莱尔,梅肯·布莱尔,演员,1,False,0,0,
Q214309,森·尼尔,演员,1,True,642,9550,https://zh.wikipedia.org/wiki/%E6%A3%AE%C2%B7%E5%B0%BC%E7%88%BE
Q172678,森姆·积逊,演员,3,True,302,5309,https://zh.wikipedia.org/wiki/%E6%A3%AE%E5%A7%86%C2%B7%E7%A9%8D%E9%81%9C
Q172678,森姆·积逊,演员,1,True,302,5309,https://zh.wikipedia.org/wiki/%E6%A3%AE%E5%A7%86%C2%B7%E7%A9%8D%E9%81%9C
Q172678,森姆·积逊,演员,1,True,302,5309,https://zh.wikipedia.org/wiki/%E6%A3%AE%E5%A7%86%C2%B7%E7%A9%8D%E9%81%9C
Q67498337,森田望智,演员,1,True,123,5104,https://zh.wikipedia.org/wiki/%E6%A3%AE%E7%94%B0%E6%9C%9B%E6%99%BA
Q161916,欧文·威尔森,演员,1,True,223,10687,https://zh.wikipedia.org/wiki/%E6%AD%90%E6%96%87%C2%B7%E5%A8%81%E7%88%BE%E6%A3%AE
Q47027020,欧文·提格,演员,1,True,195,14464,https://zh.wikipedia.org/wiki/%E6%AD%90%E6%96%87%C2%B7%E6%8F%90%E6%A0%BC
NAME:欧琳卡·乔彻,欧琳卡·乔彻,演员,1,False,0,0,
Q15900390,欧豪,演员,1,True,77,12413,https://zh.wikipedia.org/wiki/%E6%AC%A7%E8%B1%AA
NAME:欧逸远,欧逸远,演员,1,False,0,0,
Q357387,欧马·希,演员,1,True,246,9630,https://zh.wikipedia.org/wiki/%E6%AD%90%E9%A6%AC%C2%B7%E5%B8%8C
Q8950627,段奕宏,演员,1,True,76,7091,https://zh.wikipedia.org/wiki/%E6%AE%B5%E5%A5%95%E5%AE%8F
NAME:殷芳,殷芳,演员,1,False,0,0,
Q205435,比利·赞恩,演员,1,True,294,10210,https://zh.wikipedia.org/wiki/%E6%AF%94%E5%88%A9%C2%B7%E8%B4%8A%E6%81%A9
Q794599,比利·马格努森,演员,2,True,333,7847,https://zh.wikipedia.org/wiki/%E6%AF%94%E5%88%A9%C2%B7%E9%A6%AC%E6%A0%BC%E5%8A%AA%E6%A3%AE
Q207179,比尔·奈伊,演员,2,True,254,7095,https://zh.wikipedia.org/wiki/%E6%AF%94%E7%88%BE%C2%B7%E5%A5%88%E4%BC%8A
Q862460,比尔·斯卡斯加德,演员,1,True,171,6577,https://zh.wikipedia.org/wiki/%E6%AF%94%E7%88%BE%C2%B7%E6%96%AF%E5%8D%A1%E6%96%AF%E5%8A%A0%E5%BE%B7
Q862460,比尔·斯卡斯加德,演员,1,True,171,6577,https://zh.wikipedia.org/wiki/%E6%AF%94%E7%88%BE%C2%B7%E6%96%AF%E5%8D%A1%E6%96%AF%E5%8A%A0%E5%BE%B7
Q603317,比尔·欧文,演员,1,True,114,2718,https://zh.wikipedia.org/wiki/%E6%AF%94%E7%88%BE%C2%B7%E6%AD%90%E6%96%87
NAME:比尔·欧文,比尔·欧文,演员,1,False,0,0,
Q591238,比尔·法格巴克,演员,1,True,90,1642,https://zh.wikipedia.org/wiki/%E6%AF%94%E7%88%BE%C2%B7%E6%B3%95%E6%A0%BC%E5%B7%B4%E5%85%8B
Q110374,比尔·派斯顿,演员,1,True,212,8002,https://zh.wikipedia.org/wiki/%E6%AF%94%E7%88%BE%C2%B7%E6%B4%BE%E6%96%AF%E9%A0%93
NAME:比尔·莫瑞,比尔·莫瑞,演员,1,False,0,0,
Q29250,比尔·莫瑞,演员,1,True,128,7185,https://zh.wikipedia.org/wiki/%E6%AF%94%E7%88%BE%C2%B7%E8%8E%AB%E7%91%9E
Q29250,比尔·莫瑞,演员,1,True,128,7185,https://zh.wikipedia.org/wiki/%E6%AF%94%E7%88%BE%C2%B7%E8%8E%AB%E7%91%9E
Q35332,毕·彼特,演员,3,True,487,15795,https://zh.wikipedia.org/wiki/%E7%95%A2%C2%B7%E5%BD%BC%E7%89%B9
NAME:毛凡,毛凡,演员,1,False,0,0,
WP:毛小睿,毛小睿,演员,1,False,0,0,
Q11548528,水崎绫女,演员,1,True,112,4701,https://zh.wikipedia.org/wiki/%E6%B0%B4%E5%B4%8E%E7%B6%BE%E5%A5%B3
Q19665276,水野索诺亚,演员,1,True,73,8106,https://zh.wikipedia.org/wiki/%E6%B0%B4%E9%87%8E%E7%B4%A2%E8%AB%BE%E4%BA%9E
Q5648978,汉娜·沃丁厄姆,演员,2,True,341,16730,https://zh.wikipedia.org/wiki/%E6%B1%89%E5%A8%9C%C2%B7%E6%B2%83%E4%B8%81%E5%8E%84%E5%A7%86
NAME:汉娜·沃丁厄姆,汉娜·沃丁厄姆,演员,1,False,0,0,
NAME:汉娜·雅特顿,汉娜·雅特顿,演员,1,False,0,0,
NAME:江澄瑄,江澄瑄,演员,1,False,0,0,
Q625128,池昌旭,演员,1,True,51,26818,https://zh.wikipedia.org/wiki/%E6%B1%A0%E6%98%8C%E6%97%AD
Q1058963,池松壮亮,演员,1,True,83,14016,https://zh.wikipedia.org/wiki/%E6%B1%A0%E6%9D%BE%E5%A3%AE%E4%BA%AE
Q2439560,汤姆·伯克,演员,1,True,190,7265,https://zh.wikipedia.org/wiki/%E6%B9%AF%E5%A7%86%C2%B7%E4%BC%AF%E5%85%8B
Q7817189,汤姆·佩恩,演员,1,True,152,1914,https://zh.wikipedia.org/wiki/%E6%B9%AF%E5%A7%86%C2%B7%E4%BD%A9%E6%81%A9
Q37079,汤姆·克鲁斯,演员,1,True,791,73681,https://zh.wikipedia.org/wiki/%E6%B9%AF%E5%A7%86%C2%B7%E5%85%8B%E9%AD%AF%E6%96%AF
Q208026,汤姆·哈迪,演员,3,True,725,31881,https://zh.wikipedia.org/wiki/%E6%B9%AF%E5%A7%86%C2%B7%E5%93%88%E8%BF%AA
NAME:汤姆·塞兹摩尔,汤姆·塞兹摩尔,演员,1,False,0,0,
Q211322,汤姆·威金森,演员,1,True,120,4595,https://zh.wikipedia.org/wiki/%E6%B9%AF%E5%A7%86%C2%B7%E5%A8%81%E9%87%91%E6%A3%AE
NAME:汤姆·孔蒂,汤姆·孔蒂,演员,1,False,0,0,
Q295803,汤姆·希德勒斯顿,演员,1,True,263,18390,https://zh.wikipedia.org/wiki/%E6%B1%A4%E5%A7%86%C2%B7%E5%B8%8C%E5%BE%B7%E5%8B%92%E6%96%AF%E9%A1%BF
Q33133445,汤姆·格林-卡尼,演员,1,True,114,1793,https://zh.wikipedia.org/wiki/%E6%B9%AF%E5%A7%86%C2%B7%E6%A0%BC%E6%9E%97-%E5%8D%A1%E5%B0%BC
NAME:汤姆·汉克斯,汤姆·汉克斯,演员,2,False,0,0,
Q299282,汤姆·肯尼,演员,1,True,487,19007,https://zh.wikipedia.org/wiki/%E6%B9%AF%E5%A7%86%C2%B7%E8%82%AF%E5%B0%BC
NAME:汤姆·萨维尼,汤姆·萨维尼,演员,1,False,0,0,
Q299317,汤姆·贝林杰,演员,2,True,188,10883,https://zh.wikipedia.org/wiki/%E6%B9%AF%E5%A7%86%C2%B7%E8%B2%9D%E6%9E%97%E5%82%91
Q28935124,汤玛逊·麦肯锡,演员,1,True,154,7695,https://zh.wikipedia.org/wiki/%E6%B9%AF%E7%91%AA%E9%81%9C%C2%B7%E9%BA%A5%E8%82%AF%E9%8C%AB
Q21018157,沈腾,演员,3,True,348,16812,https://zh.wikipedia.org/wiki/%E6%B2%88%E8%85%BE
Q512353,沙托·卡普利,演员,1,True,206,16073,https://zh.wikipedia.org/wiki/%E6%B2%99%E6%89%98%C2%B7%E5%8D%A1%E6%99%AE%E5%88%A9
NAME:沙曼·罕,沙曼·罕,演员,1,False,0,0,
Q490410,河正宇,演员,1,True,36,12577,https://zh.wikipedia.org/wiki/%E6%B2%B3%E6%AD%A3%E5%AE%87
Q204299,法兰丝·麦杜雯,演员,1,True,475,10853,https://zh.wikipedia.org/wiki/%E6%B3%95%E8%98%AD%E7%B5%B2%C2%B7%E9%BA%A5%E6%9D%9C%E9%9B%AF
Q35011,法兰西丝·费雪,演员,1,True,323,1745,https://zh.wikipedia.org/wiki/%E6%B3%95%E8%98%AD%E8%A5%BF%E7%B5%B2%C2%B7%E8%B2%BB%E9%9B%AA
NAME:波伊德·霍布鲁克,波伊德·霍布鲁克,演员,1,False,0,0,
Q21621919,波兹·马龙,演员,1,True,680,14968,https://zh.wikipedia.org/wiki/%E6%B3%A2%E5%85%B9%C2%B7%E9%A9%AC%E9%BE%99
Q189400,波姬·小丝,演员,1,True,447,39874,https://zh.wikipedia.org/wiki/%E6%B3%A2%E5%A7%AC%C2%B7%E5%B0%8F%E4%B8%9D
Q760896,泰·谢里丹,演员,1,True,192,11544,https://zh.wikipedia.org/wiki/%E6%B3%B0%C2%B7%E8%AC%9D%E9%87%8C%E4%B8%B9
NAME:泰德·丹森,泰德·丹森,演员,1,False,0,0,
Q16202406,泰格·史洛夫,演员,2,True,316,27391,https://zh.wikipedia.org/wiki/%E6%B3%B0%E6%A0%BC%C2%B7%E5%8F%B2%E6%B4%9B%E5%A4%AB
Q271464,泰瑞·克鲁斯,演员,1,True,199,10596,https://zh.wikipedia.org/wiki/%E6%B3%B0%E7%91%9E%C2%B7%E5%85%8B%E9%AD%AF%E6%96%AF
NAME:泰瑞莎·帕玛,泰瑞莎·帕玛,演员,1,False,0,0,
Q16239385,泰隆·艾奇顿,演员,1,True,179,8940,https://zh.wikipedia.org/wiki/%E6%B3%B0%E9%9A%86%C2%B7%E8%89%BE%E5%A5%87%E9%A0%93
NAME:泷本美织,泷本美织,演员,1,False,0,0,
Q1190294,泽口靖子,演员,1,True,277,6223,https://zh.wikipedia.org/wiki/%E6%BE%A4%E5%8F%A3%E9%9D%96%E5%AD%90
Q106997,洁美·李·寇蒂斯,演员,1,True,747,5772,https://zh.wikipedia.org/wiki/%E6%BD%94%E7%BE%8E%C2%B7%E6%9D%8E%C2%B7%E5%AF%87%E8%92%82%E6%96%AF
NAME:洁西·纳斯史密斯（）,洁西·纳斯史密斯（）,演员,1,False,0,0,
Q438605,津岛惠子,演员,1,True,78,5760,https://zh.wikipedia.org/wiki/%E6%B4%A5%E5%B3%B6%E6%83%A0%E5%AD%90
Q117667177,洪思彬,演员,1,True,30,3741,https://zh.wikipedia.org/wiki/%E6%B4%AA%E6%80%9D%E5%BD%AC
NAME:洪爽,洪爽,演员,1,False,0,0,
NAME:洪藜恩,洪藜恩,演员,1,False,0,0,
Q311219,洪金宝,演员,1,True,93,29325,https://zh.wikipedia.org/wiki/%E6%B4%AA%E9%87%91%E5%AE%9D
Q374065,派顿·奥斯瓦特,演员,1,True,203,33116,https://zh.wikipedia.org/wiki/%E6%B4%BE%E9%A0%93%C2%B7%E5%A5%A7%E6%96%AF%E7%93%A6%E7%89%B9
Q170428,海伦娜·博纳姆·卡特,演员,1,True,963,81763,https://zh.wikipedia.org/wiki/%E6%B5%B7%E4%BC%A6%E5%A8%9C%C2%B7%E5%8D%9A%E7%BA%B3%E5%A7%86%C2%B7%E5%8D%A1%E7%89%B9
Q18534249,海尔希 (歌手),演员,1,True,754,9928,https://zh.wikipedia.org/wiki/%E6%B5%B7%E7%88%BE%E5%B8%8C_(%E6%AD%8C%E6%89%8B)
NAME:海莉·班奈特,海莉·班奈特,演员,1,False,0,0,
Q237805,海莉·米尔斯,演员,1,True,75,1611,https://zh.wikipedia.org/wiki/%E6%B5%B7%E8%8E%89%C2%B7%E7%B1%B3%E5%B0%94%E6%96%AF
NAME:海莉·阿特维尔,海莉·阿特维尔,演员,1,False,0,0,
Q20039699,清原果耶,演员,1,True,134,25727,https://zh.wikipedia.org/wiki/%E6%B8%85%E5%8E%9F%E6%9E%9C%E8%80%B6
Q211553,渡边谦,演员,1,True,261,8351,https://zh.wikipedia.org/wiki/%E6%B8%A1%E9%82%8A%E8%AC%99
Q27045579,温斯顿·杜克,演员,1,True,102,4664,https://zh.wikipedia.org/wiki/%E6%BA%AB%E6%96%AF%E9%A0%93%C2%B7%E6%9D%9C%E5%85%8B
Q22077865,游学修,演员,1,True,123,14059,https://zh.wikipedia.org/wiki/%E6%B8%B8%E5%AD%B8%E4%BF%AE
WP:滕毅康,滕毅康,演员,1,False,0,0,
NAME:滕汝骏,滕汝骏,演员,1,False,0,0,
NAME:漫威电影宇宙,漫威电影宇宙,演员,1,False,0,0,
NAME:漫画书资源网,漫画书资源网,演员,1,False,0,0,
Q15935981,潘斌龙,演员,2,True,75,1756,https://zh.wikipedia.org/wiki/%E6%BD%98%E6%96%8C%E9%BE%99
NAME:潘迪华,潘迪华,演员,1,False,0,0,
NAME:澎恰恰,澎恰恰,演员,1,False,0,0,
Q2271234,濑户康史,演员,1,True,113,8709,https://zh.wikipedia.org/wiki/%E7%80%A8%E6%88%B6%E5%BA%B7%E5%8F%B2
WP:熊诺颐,熊诺颐,演员,1,False,0,0,
NAME:爱德华·伯恩斯,爱德华·伯恩斯,演员,1,False,0,0,
Q211415,爱德华·詹姆斯·奥莫斯,演员,1,True,71,7463,https://zh.wikipedia.org/wiki/%E7%88%B1%E5%BE%B7%E5%8D%8E%C2%B7%E8%A9%B9%E5%A7%86%E6%96%AF%C2%B7%E5%A5%A5%E8%8E%AB%E6%96%AF
Q125904,爱德华·诺顿,演员,2,True,470,53934,https://zh.wikipedia.org/wiki/%E7%88%B1%E5%BE%B7%E5%8D%8E%C2%B7%E8%AF%BA%E9%A1%BF
Q125904,爱德华·诺顿,演员,2,True,470,53934,https://zh.wikipedia.org/wiki/%E7%88%B1%E5%BE%B7%E5%8D%8E%C2%B7%E8%AF%BA%E9%A1%BF
Q309631,爱德华·费朗,演员,1,True,615,5293,https://zh.wikipedia.org/wiki/%E6%84%9B%E5%BE%B7%E8%8F%AF%C2%B7%E8%B2%BB%E6%9C%97
Q18817441,片山萌美,演员,1,True,124,15625,https://zh.wikipedia.org/wiki/%E7%89%87%E5%B1%B1%E8%90%8C%E7%BE%8E
NAME:特拉维斯·范文克,特拉维斯·范文克,演员,1,False,0,0,
NAME:特瑞莎·克莉希南,特瑞莎·克莉希南,演员,1,False,0,0,
Q529851,特穆拉·莫里森,演员,1,True,164,6360,https://zh.wikipedia.org/wiki/%E7%89%B9%E7%A9%86%E6%8B%89%C2%B7%E8%8E%AB%E9%87%8C%E6%A3%AE
NAME:狄伦·阿诺,狄伦·阿诺,演员,1,False,0,0,
NAME:狄恩·诺里斯,狄恩·诺里斯,演员,1,False,0,0,
NAME:玄奉植,玄奉植,演员,1,False,0,0,
Q380118,玄彬,演员,1,True,277,40518,https://zh.wikipedia.org/wiki/%E7%8E%84%E5%BD%AC
Q21094167,王一博,演员,1,True,413,66184,https://zh.wikipedia.org/wiki/%E7%8E%8B%E4%B8%80%E5%8D%9A
Q9058907,王传君,演员,1,True,33,9900,https://zh.wikipedia.org/wiki/%E7%8E%8B%E4%BC%A0%E5%90%9B
Q20646548,王俊凯,演员,3,True,142,20284,https://zh.wikipedia.org/wiki/%E7%8E%8B%E4%BF%8A%E5%87%AF
Q47673691,王净,演员,1,True,161,6823,https://zh.wikipedia.org/wiki/%E7%8E%8B%E6%B7%A8
NAME:王千源,王千源,演员,2,False,0,0,
Q9058429,王千源,演员,1,True,158,5358,https://zh.wikipedia.org/wiki/%E7%8E%8B%E5%8D%83%E6%BA%90
Q15938098,王大陆,演员,1,True,118,17721,https://zh.wikipedia.org/wiki/%E7%8E%8B%E5%A4%A7%E9%99%B8
NAME:王学圻,王学圻,演员,1,False,0,0,
Q7967359,王宝强,演员,1,True,147,20767,https://zh.wikipedia.org/wiki/%E7%8E%8B%E5%AE%9D%E5%BC%BA
Q124293464,王影璐,演员,1,True,56,5593,https://zh.wikipedia.org/wiki/%E7%8E%8B%E5%BD%B1%E7%92%90
NAME:王敏德,王敏德,演员,1,False,0,0,
NAME:王文,王文,演员,1,False,0,0,
Q125473705,王星辰,演员,1,True,84,2225,https://zh.wikipedia.org/wiki/%E7%8E%8B%E6%98%9F%E8%BE%B0
NAME:王朔,王朔,演员,1,False,0,0,
NAME:王柏杰,王柏杰,演员,1,False,0,0,
WP:王梓行,王梓行,演员,1,False,0,0,
NAME:王涌澄,王涌澄,演员,1,False,0,0,
WP:王皓_(1996年),王皓,演员,1,False,0,0,
Q717579,王菀之,演员,2,True,1810,35084,https://zh.wikipedia.org/wiki/%E7%8E%8B%E8%8F%80%E4%B9%8B
Q464650,王菲,演员,1,True,190,71141,https://zh.wikipedia.org/wiki/%E7%8E%8B%E8%8F%B2
Q9066759,王识贤,演员,1,True,53,13344,https://zh.wikipedia.org/wiki/%E7%8E%8B%E8%AD%98%E8%B3%A2
Q47089845,王迅 (演员),演员,1,True,36,4755,https://zh.wikipedia.org/wiki/%E7%8E%8B%E8%BF%85_(%E6%BC%94%E5%91%98)
Q7640761,王阳明 (演员),演员,1,True,115,5462,https://zh.wikipedia.org/wiki/%E7%8E%8B%E9%99%BD%E6%98%8E_(%E6%BC%94%E5%93%A1)
Q97695715,王雷 (新加坡),演员,1,True,173,13542,https://zh.wikipedia.org/wiki/%E7%8E%8B%E9%9B%B7_(%E6%96%B0%E5%8A%A0%E5%9D%A1)
NAME:王颂茵,王颂茵,演员,1,False,0,0,
Q24021134,玖壹壹,演员,1,True,282,48372,https://zh.wikipedia.org/wiki/%E7%8E%96%E5%A3%B9%E5%A3%B9
Q100740782,玛丽亚·巴卡洛娃,演员,1,True,216,2375,https://zh.wikipedia.org/wiki/%E7%8E%9B%E4%B8%BD%E4%BA%9A%C2%B7%E5%B7%B4%E5%8D%A1%E6%B4%9B%E5%A8%83
Q100740782,玛丽亚·巴卡洛娃,演员,1,True,216,2375,https://zh.wikipedia.org/wiki/%E7%8E%9B%E4%B8%BD%E4%BA%9A%C2%B7%E5%B7%B4%E5%8D%A1%E6%B4%9B%E5%A8%83
Q235115,玛丽亚·德·梅黛洛,演员,1,True,226,1982,https://zh.wikipedia.org/wiki/%E7%8E%9B%E4%B8%BD%E4%BA%9A%C2%B7%E5%BE%B7%C2%B7%E6%A2%85%E9%BB%9B%E6%B4%9B
Q30716445,玛努希·奇希拉,演员,1,True,176,2312,https://zh.wikipedia.org/wiki/%E7%91%AA%E5%8A%AA%E5%B8%8C%C2%B7%E5%A5%87%E5%B8%8C%E6%8B%89
NAME:玛德琳·凯尔曼（）,玛德琳·凯尔曼（）,演员,1,False,0,0,
Q17380672,玛格丽特·库利,演员,2,True,384,12943,https://zh.wikipedia.org/wiki/%E7%91%AA%E6%A0%BC%E9%BA%97%E7%89%B9%C2%B7%E5%BA%AB%E5%88%A9
Q2482522,玛格达·苏班斯基,演员,1,True,73,5413,https://zh.wikipedia.org/wiki/%E7%91%AA%E6%A0%BC%E9%81%94%C2%B7%E8%98%87%E7%8F%AD%E6%96%AF%E5%9F%BA
Q1924847,玛歌·罗比,演员,1,True,429,16233,https://zh.wikipedia.org/wiki/%E7%91%AA%E6%AD%8C%C2%B7%E7%BE%85%E6%AF%94
Q8927,玛莉安·歌迪雅,演员,2,True,125,4548,https://zh.wikipedia.org/wiki/%E7%91%AA%E8%8E%89%E5%AE%89%C2%B7%E6%AD%8C%E8%BF%AA%E9%9B%85
NAME:玛莎·罗斯塔米（Mahsa Rostami）,玛莎·罗斯塔米（Mahsa Rostami）,演员,1,False,0,0,
Q46994907,玛雅·霍克,演员,1,True,132,19505,https://zh.wikipedia.org/wiki/%E7%8E%9B%E9%9B%85%C2%B7%E9%9C%8D%E5%85%8B
Q230190,珊曼莎·摩顿,演员,1,True,277,2226,https://zh.wikipedia.org/wiki/%E7%8F%8A%E6%9B%BC%E8%8E%8E%C2%B7%E6%91%A9%E9%A0%93
Q744166,珍妮·斯蕾特,演员,1,True,312,8695,https://zh.wikipedia.org/wiki/%E7%8F%8D%E5%A6%AE%C2%B7%E6%96%AF%E8%95%BE%E7%89%B9
NAME:珍妮佛·嘉纳,珍妮佛·嘉纳,演员,1,False,0,0,
Q21738166,珍娜·奥特嘉,演员,1,True,596,13646,https://zh.wikipedia.org/wiki/%E7%8F%8D%E5%A8%9C%C2%B7%E5%A5%A7%E7%89%B9%E5%98%89
Q21738166,珍娜·奥特嘉,演员,1,True,596,13646,https://zh.wikipedia.org/wiki/%E7%8F%8D%E5%A8%9C%C2%B7%E5%A5%A7%E7%89%B9%E5%98%89
NAME:珍娜·费雪,珍娜·费雪,演员,1,False,0,0,
Q47100,班·史提勒,演员,1,True,335,41056,https://zh.wikipedia.org/wiki/%E7%8F%AD%C2%B7%E5%8F%B2%E6%8F%90%E5%8B%92
NAME:班·哈里斯（）,班·哈里斯（）,演员,1,False,0,0,
NAME:班尼·沙夫戴,班尼·沙夫戴,演员,1,False,0,0,
NAME:班杰明·拜伦·戴维斯,班杰明·拜伦·戴维斯,演员,1,False,0,0,
NAME:班杰明·沃克,班杰明·沃克,演员,1,False,0,0,
Q446493,理察·朗崔,演员,1,True,132,11009,https://zh.wikipedia.org/wiki/%E7%90%86%E5%AF%9F%C2%B7%E6%9C%97%E5%B4%94
NAME:理查·E·格兰特,理查·E·格兰特,演员,1,False,0,0,
Q361630,理查·罗森堡,演员,1,True,76,980,https://zh.wikipedia.org/wiki/%E7%90%86%E6%9F%A5%C2%B7%E7%BE%85%E6%A3%AE%E5%A0%A1
NAME:琪兰·席普卡,琪兰·席普卡,演员,2,False,0,0,
Q439939,琪兰·席普卡,演员,1,True,339,7384,https://zh.wikipedia.org/wiki/%E7%90%AA%E8%98%AD%C2%B7%E5%B8%AD%E6%99%AE%E5%8D%A1
Q44903,琳赛·萝涵,演员,1,True,787,57029,https://zh.wikipedia.org/wiki/%E7%90%B3%E8%B3%BD%C2%B7%E8%98%BF%E6%B6%B5
Q234204,琳达·卡德里尼,演员,1,True,161,13869,https://zh.wikipedia.org/wiki/%E7%90%B3%E8%BE%BE%C2%B7%E5%8D%A1%E5%BE%B7%E9%87%8C%E5%B0%BC
Q208214,琳达·汉弥顿,演员,1,True,458,13882,https://zh.wikipedia.org/wiki/%E7%90%B3%E9%81%94%C2%B7%E6%BC%A2%E5%BD%8C%E9%A0%93
NAME:琼·史桂布,琼·史桂布,演员,1,False,0,0,
Q6108784,瑞奇·惠特尔,演员,1,True,327,4358,https://zh.wikipedia.org/wiki/%E7%91%9E%E5%A5%87%C2%B7%E6%83%A0%E7%89%B9%E7%88%BE
NAME:瑞安·赫斯特,瑞安·赫斯特,演员,1,False,0,0,
Q215017,瑞斯·伊凡斯,演员,1,True,166,3057,https://zh.wikipedia.org/wiki/%E7%91%9E%E6%96%AF%C2%B7%E4%BC%8A%E5%87%A1%E6%96%AF
Q232851,瑞贝卡·德·莫妮,演员,1,True,66,7548,https://zh.wikipedia.org/wiki/%E7%91%9E%E8%B4%9D%E5%8D%A1%C2%B7%E5%BE%B7%C2%B7%E8%8E%AB%E5%A6%AE
Q228603,瑟夏·罗南,演员,1,True,405,29832,https://zh.wikipedia.org/wiki/%E7%91%9F%E5%A4%8F%C2%B7%E7%BE%85%E5%8D%97
Q87746008,瓦奇拉维特·奇瓦雷,演员,1,True,145,67185,https://zh.wikipedia.org/wiki/%E7%93%A6%E5%A5%87%E6%8B%89%E7%BB%B4%E7%89%B9%C2%B7%E5%A5%87%E7%93%A6%E9%9B%B7
NAME:甄展荣,甄展荣,演员,1,False,0,0,
Q3276491,田中裕子,演员,1,True,153,5304,https://zh.wikipedia.org/wiki/%E7%94%B0%E4%B8%AD%E8%A3%95%E5%AD%90
Q6853641,田慧振,演员,1,True,84,9557,https://zh.wikipedia.org/wiki/%E7%94%B0%E6%85%A7%E6%8C%AF
Q16162831,申惠善,演员,1,True,204,10876,https://zh.wikipedia.org/wiki/%E7%94%B3%E6%83%A0%E5%96%84
Q61101085,申承浩,演员,1,True,32,3924,https://zh.wikipedia.org/wiki/%E7%94%B3%E6%89%BF%E6%B5%A9
Q22077870,白只,演员,1,True,44,8884,https://zh.wikipedia.org/wiki/%E7%99%BD%E5%8F%AA
Q27888864,白宇,演员,1,True,355,49237,https://zh.wikipedia.org/wiki/%E7%99%BD%E5%AE%87
Q22100260,百白,演员,1,True,57,3893,https://zh.wikipedia.org/wiki/%E7%99%BE%E7%99%BD
Q3384479,皮尔·柯芬,演员,1,True,121,10134,https://zh.wikipedia.org/wiki/%E7%9A%AE%E7%88%BE%C2%B7%E6%9F%AF%E8%8A%AC
Q3701432,皮特·福尔摩斯,演员,1,True,118,4455,https://zh.wikipedia.org/wiki/%E7%9A%AE%E7%89%B9%C2%B7%E7%A6%8F%E7%88%BE%E6%91%A9%E6%96%AF
NAME:皮耶法兰西斯柯·法维诺,皮耶法兰西斯柯·法维诺,演员,1,False,0,0,
Q117906,皮鲁·艾斯贝克,演员,1,True,197,7730,https://zh.wikipedia.org/wiki/%E7%9A%AE%E9%AD%AF%C2%B7%E8%89%BE%E6%96%AF%E8%B2%9D%E5%85%8B
Q223745,盖·皮尔斯,演员,1,True,86,12323,https://zh.wikipedia.org/wiki/%E7%9B%96%C2%B7%E7%9A%AE%E5%B0%94%E6%96%AF
Q223745,盖·皮尔斯,演员,1,True,86,12323,https://zh.wikipedia.org/wiki/%E7%9B%96%C2%B7%E7%9A%AE%E5%B0%94%E6%96%AF
NAME:盖伊·布瑞特,盖伊·布瑞特,演员,1,False,0,0,
NAME:盖布瑞尔·贝索,盖布瑞尔·贝索,演员,1,False,0,0,
Q4025857,盖布瑞尔·贝索,演员,1,True,185,5781,https://zh.wikipedia.org/wiki/%E8%93%8B%E5%B8%83%E7%91%9E%E7%88%BE%C2%B7%E8%B2%9D%E7%B4%A2
NAME:盖瑞·欧德曼,盖瑞·欧德曼,演员,1,False,0,0,
NAME:眼肉芽,眼肉芽,演员,1,False,0,0,
NAME:石坂浩二,石坂浩二,演员,1,False,0,0,
Q1065638,石田百合子,演员,1,True,160,7152,https://zh.wikipedia.org/wiki/%E7%9F%B3%E7%94%B0%E7%99%BE%E5%90%88%E5%AD%90
Q36153,碧昂丝,演员,1,True,1353,42599,https://zh.wikipedia.org/wiki/%E7%A2%A7%E6%98%82%E7%B5%B2
Q25484807,祖尔·阿里芬,演员,1,True,118,2264,https://zh.wikipedia.org/wiki/%E7%A5%96%E5%B0%94%C2%B7%E9%98%BF%E9%87%8C%E8%8A%AC
Q285460,祖德·莱茵霍尔德,演员,1,True,180,2111,https://zh.wikipedia.org/wiki/%E7%A5%96%E5%BE%B7%C2%B7%E8%90%8A%E8%8C%B5%E9%9C%8D%E7%88%BE%E5%BE%B7
NAME:祖蒂·龙,祖蒂·龙,演员,1,False,0,0,
Q9321349,祖锋,演员,2,True,99,5912,https://zh.wikipedia.org/wiki/%E7%A5%96%E9%8B%92
NAME:祖鲁·麦金泰尔,祖鲁·麦金泰尔,演员,1,False,0,0,
Q1041546,神木隆之介,演员,2,True,124,23373,https://zh.wikipedia.org/wiki/%E7%A5%9E%E6%9C%A8%E9%9A%86%E4%B9%8B%E4%BB%8B
NAME:神谷明,神谷明,演员,1,False,0,0,
Q3183413,种崎敦美,演员,1,True,76,70460,https://zh.wikipedia.org/wiki/%E7%A8%AE%E5%B4%8E%E6%95%A6%E7%BE%8E
Q182763,科力士·韦德加,演员,1,True,132,13606,https://zh.wikipedia.org/wiki/%E7%A7%91%E5%8A%9B%E5%A3%AB%C2%B7%E9%9F%8B%E5%BE%B7%E5%8A%A0
Q172035,科林·法雷尔,演员,1,True,696,9037,https://zh.wikipedia.org/wiki/%E7%A7%91%E6%9E%97%C2%B7%E6%B3%95%E9%9B%B7%E5%B0%94
NAME:科林·约斯特,科林·约斯特,演员,1,False,0,0,
Q26231,科里·斯托尔,演员,1,True,85,9135,https://zh.wikipedia.org/wiki/%E7%A7%91%E9%87%8C%C2%B7%E6%96%AF%E6%89%98%E5%B0%94
Q7267759,秦昊,演员,1,True,48,6303,https://zh.wikipedia.org/wiki/%E7%A7%A6%E6%98%8A
WP:积逊·舒华沙曼,积逊·舒华沙曼,演员,1,False,0,0,
Q5729100,程旭辉,演员,1,True,132,7900,https://zh.wikipedia.org/wiki/%E7%A8%8B%E6%97%AD%E8%BE%89
Q1041924,立花慎之介,演员,1,True,181,23720,https://zh.wikipedia.org/wiki/%E7%AB%8B%E8%8A%B1%E6%85%8E%E4%B9%8B%E4%BB%8B
Q180852,章子怡,演员,2,True,350,58281,https://zh.wikipedia.org/wiki/%E7%AB%A0%E5%AD%90%E6%80%A1
Q60020591,章宇,演员,1,True,62,4566,https://zh.wikipedia.org/wiki/%E7%AB%A0%E5%AE%87
Q8264900,童飞 (女演员),演员,1,True,82,2839,https://zh.wikipedia.org/wiki/%E7%AB%A5%E9%A3%9E_(%E5%A5%B3%E6%BC%94%E5%91%98)
NAME:竺定谊,竺定谊,演员,1,False,0,0,
NAME:符家浚,符家浚,演员,1,False,0,0,
NAME:第三情,第三情,演员,1,False,0,0,
Q55294,简尼夫·班纳,演员,1,True,1139,58106,https://zh.wikipedia.org/wiki/%E7%B0%A1%E5%B0%BC%E5%A4%AB%C2%B7%E7%8F%AD%E7%B4%8D
NAME:米亚·高斯,米亚·高斯,演员,1,False,0,0,
Q294975,米兰达·奥图,演员,1,True,316,30198,https://zh.wikipedia.org/wiki/%E7%B1%B3%E5%85%B0%E8%BE%BE%C2%B7%E5%A5%A5%E5%9B%BE
Q5104,米兰达·蔻思葛芙,演员,2,True,235,7602,https://zh.wikipedia.org/wiki/%E7%B1%B3%E8%98%AD%E9%81%94%C2%B7%E8%94%BB%E6%80%9D%E8%91%9B%E8%8A%99
Q259760,米歇尔·道克瑞,演员,1,True,132,3177,https://zh.wikipedia.org/wiki/%E7%B1%B3%E6%AD%87%E5%B0%94%C2%B7%E9%81%93%E5%85%8B%E7%91%9E
NAME:米歇尔·道克瑞,米歇尔·道克瑞,演员,1,False,0,0,
Q83733,米洛·文提米利亚,演员,1,True,633,27179,https://zh.wikipedia.org/wiki/%E7%B1%B3%E6%B4%9B%C2%B7%E6%96%87%E6%8F%90%E7%B1%B3%E5%88%A9%E4%BA%9E
Q25936414,米莉·芭比·布朗,演员,1,True,350,14878,https://zh.wikipedia.org/wiki/%E7%B1%B3%E8%8E%89%C2%B7%E8%8A%AD%E6%AF%94%C2%B7%E5%B8%83%E6%9C%97
NAME:米萨赫·扎勒（Missagh Zareh）,米萨赫·扎勒（Missagh Zareh）,演员,1,False,0,0,
NAME:米蕾·加涅（）,米蕾·加涅（）,演员,1,False,0,0,
Q317358,米高·伊派里奥里,演员,1,True,211,10460,https://zh.wikipedia.org/wiki/%E7%B1%B3%E9%AB%98%C2%B7%E4%BC%8A%E6%B4%BE%E9%87%8C%E5%A5%A7%E9%87%8C
Q138005,米高·基顿,演员,1,True,201,19668,https://zh.wikipedia.org/wiki/%E7%B1%B3%E9%AB%98%C2%B7%E5%9F%BA%E9%A0%93
Q123351,米高·肯恩,演员,3,True,279,15204,https://zh.wikipedia.org/wiki/%E7%B1%B3%E9%AB%98%C2%B7%E8%82%AF%E6%81%A9
Q123351,米高·肯恩,演员,1,True,279,15204,https://zh.wikipedia.org/wiki/%E7%B1%B3%E9%AB%98%C2%B7%E8%82%AF%E6%81%A9
Q2844009,糸井重里,演员,1,True,198,13931,https://zh.wikipedia.org/wiki/%E7%B3%B8%E4%BA%95%E9%87%8D%E9%87%8C
NAME:索南多登,索南多登,演员,1,False,0,0,
Q238993,索尼娅·布拉加,演员,1,True,58,7911,https://zh.wikipedia.org/wiki/%E7%B4%A2%E5%B0%BC%E5%A8%85%C2%B7%E5%B8%83%E6%8B%89%E5%8A%A0
Q229766,索瑞·安达斯鲁,演员,1,True,72,9525,https://zh.wikipedia.org/wiki/%E7%B4%A2%E7%91%9E%C2%B7%E5%AE%89%E9%81%94%E6%96%AF%E9%AD%AF
Q614907,索纳丝·辛哈,演员,1,True,249,3415,https://zh.wikipedia.org/wiki/%E7%B4%A2%E7%B4%8D%E7%B5%B2%C2%B7%E8%BE%9B%E5%93%88
Q61996880,索菲·撒切尔,演员,1,True,154,6253,https://zh.wikipedia.org/wiki/%E7%B4%A2%E8%8F%B2%C2%B7%E6%92%92%E5%88%87%E7%88%BE
Q18222476,索菲娅·卡森,演员,1,True,136,12816,https://zh.wikipedia.org/wiki/%E7%B4%A2%E8%8F%B2%E5%A9%AD%C2%B7%E5%8D%A1%E6%A3%AE
Q231911,索菲娅·维加拉,演员,1,True,117,14072,https://zh.wikipedia.org/wiki/%E7%B4%A2%E8%8F%B2%E5%A8%85%C2%B7%E7%BB%B4%E5%8A%A0%E6%8B%89
Q55736058,红炅,演员,2,True,177,7310,https://zh.wikipedia.org/wiki/%E7%B4%85%E7%82%85
NAME:约吉·巴布,约吉·巴布,演员,1,False,0,0,
Q39073476,约瑟夫·奎因,演员,1,True,190,3706,https://zh.wikipedia.org/wiki/%E7%B4%84%E7%91%9F%E5%A4%AB%C2%B7%E5%A5%8E%E5%9B%A0
NAME:约瑟夫·巴耶纳,约瑟夫·巴耶纳,演员,1,False,0,0,
Q955818,约翰·亚西顿,演员,1,True,167,3465,https://zh.wikipedia.org/wiki/%E7%B4%84%E7%BF%B0%C2%B7%E4%BA%9E%E8%A5%BF%E9%A0%93
Q311271,约翰·利思戈,演员,1,True,545,7553,https://zh.wikipedia.org/wiki/%E7%BA%A6%E7%BF%B0%C2%B7%E5%88%A9%E6%80%9D%E6%88%88
NAME:约翰·利思戈,约翰·利思戈,演员,1,False,0,0,
NAME:约翰·卡拉辛斯基,约翰·卡拉辛斯基,演员,1,False,0,0,
Q4120019,约翰·大卫·华盛顿,演员,1,True,297,8309,https://zh.wikipedia.org/wiki/%E7%B4%84%E7%BF%B0%C2%B7%E5%A4%A7%E8%A1%9B%C2%B7%E8%8F%AF%E7%9B%9B%E9%A0%93
NAME:约翰·屈伏塔,约翰·屈伏塔,演员,1,False,0,0,
Q44437,约翰·希南,演员,2,True,624,35258,https://zh.wikipedia.org/wiki/%E7%B4%84%E7%BF%B0%C2%B7%E5%B8%8C%E5%8D%97
Q106175,约翰·库萨克,演员,1,True,158,9960,https://zh.wikipedia.org/wiki/%E7%B4%84%E7%BF%B0%C2%B7%E5%BA%AB%E8%96%A9%E5%85%8B
Q244234,约翰·特托罗,演员,1,True,299,2771,https://zh.wikipedia.org/wiki/%E7%B4%84%E7%BF%B0%C2%B7%E7%89%B9%E6%89%98%E7%BE%85
Q80938,约翰·特拉沃尔塔,演员,1,True,381,14994,https://zh.wikipedia.org/wiki/%E7%BA%A6%E7%BF%B0%C2%B7%E7%89%B9%E6%8B%89%E6%B2%83%E5%B0%94%E5%A1%94
Q80938,约翰·特拉沃尔塔,演员,1,True,381,14994,https://zh.wikipedia.org/wiki/%E7%BA%A6%E7%BF%B0%C2%B7%E7%89%B9%E6%8B%89%E6%B2%83%E5%B0%94%E5%A1%94
NAME:约翰·萨利,约翰·萨利,演员,1,False,0,0,
Q56350130,细田佳央太,演员,1,True,140,2684,https://zh.wikipedia.org/wiki/%E7%B4%B0%E7%94%B0%E4%BD%B3%E5%A4%AE%E5%A4%AA
NAME:维克多·贾博,维克多·贾博,演员,1,False,0,0,
Q2363587,维克拉姆,演员,1,True,730,79470,https://zh.wikipedia.org/wiki/%E7%B6%AD%E5%85%8B%E6%8B%89%E5%A7%86
Q229181,维奥拉·戴维斯,演员,1,True,770,75424,https://zh.wikipedia.org/wiki/%E7%BB%B4%E5%A5%A5%E6%8B%89%C2%B7%E6%88%B4%E7%BB%B4%E6%96%AF
Q528496,维杰 (演员),演员,1,True,754,69661,https://zh.wikipedia.org/wiki/%E7%BB%B4%E6%9D%B0_(%E6%BC%94%E5%91%98)
Q7929207,维杰·西图帕提,演员,1,True,516,100463,https://zh.wikipedia.org/wiki/%E7%B6%AD%E5%82%91%C2%B7%E8%A5%BF%E5%9C%96%E5%B8%95%E6%8F%90
Q236956,罗丝玛丽·德威特,演员,1,True,138,1994,https://zh.wikipedia.org/wiki/%E7%BE%85%E7%B5%B2%E7%91%AA%E9%BA%97%C2%B7%E5%BE%B7%E5%A8%81%E7%89%B9
NAME:罗伯·德莱尼,罗伯·德莱尼,演员,1,False,0,0,
Q762782,罗伯·德莱尼,演员,1,True,135,5168,https://zh.wikipedia.org/wiki/%E7%BE%85%E4%BC%AF%C2%B7%E5%BE%B7%E8%90%8A%E5%B0%BC
Q287607,罗伯·雷纳,演员,1,True,247,13441,https://zh.wikipedia.org/wiki/%E7%BE%85%E4%BC%AF%C2%B7%E9%9B%B7%E7%B4%8D
NAME:罗伯特·博布罗茨基,罗伯特·博布罗茨基,演员,1,False,0,0,
Q272977,罗伯特·帕特里克,演员,1,True,390,12913,https://zh.wikipedia.org/wiki/%E7%BD%97%E4%BC%AF%E7%89%B9%C2%B7%E5%B8%95%E7%89%B9%E9%87%8C%E5%85%8B
Q36949,罗伯特·德尼罗,演员,1,True,797,23192,https://zh.wikipedia.org/wiki/%E7%BD%97%E4%BC%AF%E7%89%B9%C2%B7%E5%BE%B7%E5%B0%BC%E7%BD%97
NAME:罗布·格隆考夫斯基,罗布·格隆考夫斯基,演员,1,False,0,0,
NAME:罗布·麦克亨尼,罗布·麦克亨尼,演员,1,False,0,0,
Q4337,罗杰·邦帕斯,演员,1,True,223,14916,https://zh.wikipedia.org/wiki/%E7%BE%85%E5%82%91%C2%B7%E9%82%A6%E5%B8%95%E6%96%AF
Q229319,罗林·布兰考,演员,1,True,119,6043,https://zh.wikipedia.org/wiki/%E7%BD%97%E6%9E%97%C2%B7%E5%B8%83%E5%85%B0%E8%80%83
NAME:罗根·马歇尔-格林,罗根·马歇尔-格林,演员,1,False,0,0,
Q47875,罗比·威廉姆斯,演员,1,True,217,15313,https://zh.wikipedia.org/wiki/%E7%BD%97%E6%AF%94%C2%B7%E5%A8%81%E5%BB%89%E5%A7%86%E6%96%AF
Q109232,罗珊娜·艾奎特,演员,1,True,271,4448,https://zh.wikipedia.org/wiki/%E7%BE%85%E7%8F%8A%E5%A8%9C%C2%B7%E8%89%BE%E5%A5%8E%E7%89%B9
Q129817,罗素·高尔,演员,1,True,181,16671,https://zh.wikipedia.org/wiki/%E7%BE%85%E7%B4%A0%C2%B7%E9%AB%98%E7%88%BE
Q129817,罗素·高尔,演员,2,True,181,16671,https://zh.wikipedia.org/wiki/%E7%BE%85%E7%B4%A0%C2%B7%E9%AB%98%E7%88%BE
Q129817,罗素·高尔,演员,1,True,181,16671,https://zh.wikipedia.org/wiki/%E7%BE%85%E7%B4%A0%C2%B7%E9%AB%98%E7%88%BE
Q353978,罗纳德·李·艾尔米,演员,1,True,113,2997,https://zh.wikipedia.org/wiki/%E7%BD%97%E7%BA%B3%E5%BE%B7%C2%B7%E6%9D%8E%C2%B7%E8%89%BE%E5%B0%94%E7%B1%B3
Q12593923,罗美兰,演员,1,True,129,15108,https://zh.wikipedia.org/wiki/%E7%BE%85%E7%BE%8E%E8%98%AD
Q272972,罗苹·莱特,演员,2,True,560,9648,https://zh.wikipedia.org/wiki/%E7%BE%85%E8%98%8B%C2%B7%E8%90%8A%E7%89%B9
NAME:罗里·金尼尔,罗里·金尼尔,演员,1,False,0,0,
NAME:罗香菱,罗香菱,演员,1,False,0,0,
Q1076203,美轮明宏,演员,2,True,231,22189,https://zh.wikipedia.org/wiki/%E7%BE%8E%E8%BC%AA%E6%98%8E%E5%AE%8F
WP:翁慧耘,翁慧耘,演员,1,False,0,0,
Q8960661,耿乐,演员,1,True,41,6708,https://zh.wikipedia.org/wiki/%E8%80%BF%E4%B9%90
Q152929,肉卷 (歌手),演员,1,True,267,10966,https://zh.wikipedia.org/wiki/%E8%82%89%E5%8D%B7_(%E6%AD%8C%E6%89%8B)
Q97352332,肖央,演员,1,True,42,5458,https://zh.wikipedia.org/wiki/%E8%82%96%E5%A4%AE
NAME:肯尼斯·布莱纳,肯尼斯·布莱纳,演员,1,False,0,0,
NAME:胡先煦,胡先煦,演员,1,False,0,0,
Q28412046,胡子彤,演员,1,True,69,19396,https://zh.wikipedia.org/wiki/%E8%83%A1%E5%AD%90%E5%BD%A4
NAME:胡定欣,胡定欣,演员,1,False,0,0,
NAME:胡泳珊,胡泳珊,演员,1,False,0,0,
NAME:舒伟杰,舒伟杰,演员,1,False,0,0,
Q467416,舒维塔·蒂瓦里,演员,1,True,60,10351,https://zh.wikipedia.org/wiki/%E8%88%92%E7%B6%AD%E5%A1%94%C2%B7%E8%92%82%E7%93%A6%E9%87%8C
Q228943,艾丽·范宁,演员,1,True,84,8284,https://zh.wikipedia.org/wiki/%E8%89%BE%E4%B8%BD%C2%B7%E8%8C%83%E5%AE%81
NAME:艾伦·佩姬,艾伦·佩姬,演员,1,False,0,0,
Q349350,艾伦·图克,演员,1,True,445,5523,https://zh.wikipedia.org/wiki/%E8%89%BE%E5%80%AB%C2%B7%E5%9C%96%E5%85%8B
Q926963,艾伦·瑞奇森,演员,1,True,390,15736,https://zh.wikipedia.org/wiki/%E8%89%BE%E5%80%AB%C2%B7%E7%91%9E%E5%A5%87%E6%A3%AE
Q926963,艾伦·瑞奇森,演员,1,True,390,15736,https://zh.wikipedia.org/wiki/%E8%89%BE%E5%80%AB%C2%B7%E7%91%9E%E5%A5%87%E6%A3%AE
Q192643,艾伦·艾克哈特,演员,1,True,504,7974,https://zh.wikipedia.org/wiki/%E8%89%BE%E4%BC%A6%C2%B7%E8%89%BE%E5%85%8B%E5%93%88%E7%89%B9
Q105847466,艾伦·金,演员,1,True,80,5642,https://zh.wikipedia.org/wiki/%E8%89%BE%E5%80%AB%C2%B7%E9%87%91
Q211144,艾伦·鲍丝汀,演员,1,True,360,5024,https://zh.wikipedia.org/wiki/%E8%89%BE%E5%80%AB%C2%B7%E9%AE%91%E7%B5%B2%E6%B1%80
WP:艾伯丝·戴维兹,艾伯丝·戴维兹,演员,1,False,0,0,
Q358714,艾利·罗斯,演员,1,True,218,11686,https://zh.wikipedia.org/wiki/%E8%89%BE%E5%88%A9%C2%B7%E7%BE%85%E6%96%AF
Q940891,艾力克斯·沃尔夫,演员,1,True,141,6394,https://zh.wikipedia.org/wiki/%E8%89%BE%E5%8A%9B%E5%85%8B%E6%96%AF%C2%B7%E6%B2%83%E7%88%BE%E5%A4%AB
NAME:艾力克斯·沃尔夫,艾力克斯·沃尔夫,演员,1,False,0,0,
Q17566714,艾华路·莫迪,演员,1,True,132,26205,https://zh.wikipedia.org/wiki/%E8%89%BE%E8%8F%AF%E8%B7%AF%C2%B7%E8%8E%AB%E8%BF%AA
Q526620,艾尔弗丽·伍达德,演员,1,True,69,2383,https://zh.wikipedia.org/wiki/%E8%89%BE%E5%B0%94%E5%BC%97%E4%B8%BD%C2%B7%E4%BC%8D%E8%BE%BE%E5%BE%B7
Q104791,艾德·哈里斯,演员,1,True,86,10642,https://zh.wikipedia.org/wiki/%E8%89%BE%E5%BE%B7%C2%B7%E5%93%88%E9%87%8C%E6%96%AF
Q5335413,艾德·斯克林,演员,1,True,192,9866,https://zh.wikipedia.org/wiki/%E8%89%BE%E5%BE%B7%C2%B7%E6%96%AF%E5%85%8B%E6%9E%97
Q34345055,艾拉·亨特,演员,1,True,96,9681,https://zh.wikipedia.org/wiki/%E8%89%BE%E6%8B%89%C2%B7%E4%BA%A8%E7%89%B9
NAME:艾格·拉米瑞兹,艾格·拉米瑞兹,演员,1,False,0,0,
Q273788,艾格·拉米瑞兹,演员,1,True,106,4176,https://zh.wikipedia.org/wiki/%E8%89%BE%E6%A0%BC%C2%B7%E6%8B%89%E7%B1%B3%E7%91%9E%E8%8C%B2
Q479451,艾比·丽·科肖,演员,2,True,175,1748,https://zh.wikipedia.org/wiki/%E8%89%BE%E6%AF%94%C2%B7%E4%B8%BD%C2%B7%E7%A7%91%E8%82%96
Q147077,艾玛·史东,演员,1,True,730,110068,https://zh.wikipedia.org/wiki/%E8%89%BE%E7%91%AA%C2%B7%E5%8F%B2%E6%9D%B1
NAME:艾玛·杜蒙,艾玛·杜蒙,演员,1,False,0,0,
Q63086179,艾玛·科林,演员,2,True,123,8012,https://zh.wikipedia.org/wiki/%E8%89%BE%E7%91%AA%C2%B7%E7%A7%91%E6%9E%97
Q228598,艾玛·罗伯茨,演员,1,True,100,37340,https://zh.wikipedia.org/wiki/%E8%89%BE%E7%8E%9B%C2%B7%E7%BD%97%E4%BC%AF%E8%8C%A8
Q74393628,艾玛·霍瓦特,演员,1,True,125,4976,https://zh.wikipedia.org/wiki/%E8%89%BE%E7%91%AA%C2%B7%E9%9C%8D%E7%93%A6%E7%89%B9
NAME:艾瑞克·史托兹,艾瑞克·史托兹,演员,1,False,0,0,
Q4440,艾瑞克·巴纳,演员,1,True,221,13154,https://zh.wikipedia.org/wiki/%E8%89%BE%E7%91%9E%E5%85%8B%C2%B7%E5%B7%B4%E7%B4%8D
Q173399,艾略特·佩吉,演员,1,True,384,21011,https://zh.wikipedia.org/wiki/%E8%89%BE%E7%95%A5%E7%89%B9%C2%B7%E4%BD%A9%E5%90%89
Q173399,艾略特·佩吉,演员,1,True,384,21011,https://zh.wikipedia.org/wiki/%E8%89%BE%E7%95%A5%E7%89%B9%C2%B7%E4%BD%A9%E5%90%89
NAME:艾登·艾伦瑞克,艾登·艾伦瑞克,演员,1,False,0,0,
Q374273,艾米·汉莫,演员,1,True,250,27973,https://zh.wikipedia.org/wiki/%E8%89%BE%E7%B1%B3%C2%B7%E6%B1%89%E8%8E%AB
Q230203,艾米·波勒,演员,1,True,227,19235,https://zh.wikipedia.org/wiki/%E8%89%BE%E7%B1%B3%C2%B7%E6%B3%A2%E5%8B%92
Q481832,艾美·亚当斯,演员,2,True,363,26373,https://zh.wikipedia.org/wiki/%E8%89%BE%E7%BE%8E%C2%B7%E4%BA%9E%E7%95%B6%E6%96%AF
NAME:艾美·艾克,艾美·艾克,演员,1,False,0,0,
Q193517,艾美莉·宾特,演员,2,True,612,20641,https://zh.wikipedia.org/wiki/%E8%89%BE%E7%BE%8E%E8%8E%89%C2%B7%E8%B3%93%E7%89%B9
NAME:艾芭·罗尔瓦雀,艾芭·罗尔瓦雀,演员,1,False,0,0,
NAME:艾莉·麦金侬,艾莉·麦金侬,演员,1,False,0,0,
Q237781,艾莉森·皮尔,演员,1,True,219,1802,https://zh.wikipedia.org/wiki/%E8%89%BE%E8%8E%89%E6%A3%AE%C2%B7%E7%9A%AE%E7%88%BE
Q236247,艾莉西亚·维特,演员,1,True,598,2010,https://zh.wikipedia.org/wiki/%E8%89%BE%E8%8E%89%E8%A5%BF%E4%BA%9E%C2%B7%E7%B6%AD%E7%89%B9
Q2156744,艾莉西斯·奈普,演员,1,True,82,6045,https://zh.wikipedia.org/wiki/%E8%89%BE%E8%8E%89%E8%A5%BF%E6%96%AF%C2%B7%E5%A5%88%E6%99%AE
Q572761,艾莎·冈萨雷,演员,1,True,59,5999,https://zh.wikipedia.org/wiki/%E8%89%BE%E8%8E%8E%C2%B7%E5%B2%A1%E8%96%A9%E9%9B%B7
Q13563393,艾莫瑞·柯恩,演员,1,True,164,11311,https://zh.wikipedia.org/wiki/%E8%89%BE%E8%8E%AB%E7%91%9E%C2%B7%E6%9F%AF%E6%81%A9
Q230308,艾蜜莉·摩提默,演员,1,True,228,5826,https://zh.wikipedia.org/wiki/%E8%89%BE%E8%9C%9C%E8%8E%89%C2%B7%E6%91%A9%E6%8F%90%E9%BB%98
NAME:艾蜜莉·艾琳·林德,艾蜜莉·艾琳·林德,演员,1,False,0,0,
Q421471,艾赛儿·汉宁,演员,1,True,73,4374,https://zh.wikipedia.org/wiki/%E8%89%BE%E8%B3%BD%E5%85%92%C2%B7%E6%BC%A2%E5%AF%A7
Q5588,芙烈达·卡萝,演员,1,True,1059,12470,https://zh.wikipedia.org/wiki/%E8%8A%99%E7%83%88%E9%81%94%C2%B7%E5%8D%A1%E8%98%BF
Q58834757,芙蕾雅·艾伦,演员,1,True,113,2523,https://zh.wikipedia.org/wiki/%E8%8A%99%E8%95%BE%E9%9B%85%C2%B7%E8%89%BE%E5%80%AB
Q26308335,芬恩·伍法德,演员,1,True,392,42406,https://zh.wikipedia.org/wiki/%E8%8A%AC%E6%81%A9%C2%B7%E4%BC%8D%E6%B3%95%E5%BE%B7
Q49524,花泽香菜,演员,1,True,124,73450,https://zh.wikipedia.org/wiki/%E8%8A%B1%E6%BE%A4%E9%A6%99%E8%8F%9C
Q327446,苏拉·沙玛,演员,1,True,159,4053,https://zh.wikipedia.org/wiki/%E8%8B%8F%E6%8B%89%C2%B7%E6%B2%99%E7%8E%9B
Q110405827,苏提拉·素维杰拉,演员,1,True,158,2734,https://zh.wikipedia.org/wiki/%E8%8B%8F%E6%8F%90%E6%8B%89%C2%B7%E7%B4%A0%E7%BB%B4%E6%9D%B0%E6%8B%89
Q134507273,苏文涛,演员,1,True,87,3868,https://zh.wikipedia.org/wiki/%E8%98%87%E6%96%87%E6%BF%A4
Q20828338,苏皓儿,演员,1,True,71,15582,https://zh.wikipedia.org/wiki/%E8%98%87%E7%9A%93%E5%85%92
NAME:苏耀庭,苏耀庭,演员,1,False,0,0,
NAME:苏菲·蔡彻,苏菲·蔡彻,演员,1,False,0,0,
NAME:苏菲亚·波提拉,苏菲亚·波提拉,演员,1,False,0,0,
Q258777,苏菲亚·波提拉,演员,2,True,199,8661,https://zh.wikipedia.org/wiki/%E8%98%87%E8%8F%B2%E4%BA%9E%C2%B7%E6%B3%A2%E6%8F%90%E6%8B%89
NAME:苏菲亚·潘娜丝,苏菲亚·潘娜丝,演员,1,False,0,0,
Q1074429,苗侨伟,演员,1,True,223,26068,https://zh.wikipedia.org/wiki/%E8%8B%97%E5%83%91%E5%81%89
Q56271721,苗苗 (演员),演员,1,True,66,5934,https://zh.wikipedia.org/wiki/%E8%8B%97%E8%8B%97_(%E6%BC%94%E5%91%98)
Q3275496,若叶龙也,演员,1,True,145,4246,https://zh.wikipedia.org/wiki/%E8%8B%A5%E8%91%89%E9%BE%8D%E4%B9%9F
Q188432,若阿金·德阿尔梅达,演员,1,True,589,3181,https://zh.wikipedia.org/wiki/%E8%8B%A5%E9%98%BF%E9%87%91%C2%B7%E5%BE%B7%E9%98%BF%E5%B0%94%E6%A2%85%E8%BE%BE
NAME:范·迪塞尔,范·迪塞尔,演员,1,False,0,0,
Q51884509,范丞丞,演员,1,True,32,8611,https://zh.wikipedia.org/wiki/%E8%8C%83%E4%B8%9E%E4%B8%9E
NAME:范伟,范伟,演员,1,False,0,0,
NAME:茱儿·芭莉摩,茱儿·芭莉摩,演员,1,False,0,0,
Q228747,茱莉·华特丝,演员,1,True,187,3966,https://zh.wikipedia.org/wiki/%E8%8C%B1%E8%8E%89%C2%B7%E8%8F%AF%E7%89%B9%E7%B5%B2
Q79055374,茱莉亚·福克斯,演员,1,True,102,2346,https://zh.wikipedia.org/wiki/%E8%8C%B1%E8%8E%89%E4%BA%9E%C2%B7%E7%A6%8F%E5%85%8B%E6%96%AF
Q80405,茱莉安·摩尔,演员,1,True,255,52773,https://zh.wikipedia.org/wiki/%E8%8C%B1%E8%8E%89%E5%AE%89%C2%B7%E6%91%A9%E7%88%BE
Q236189,茱蒂·葛瑞儿,演员,1,True,365,7848,https://zh.wikipedia.org/wiki/%E8%8C%B1%E8%92%82%C2%B7%E8%91%9B%E7%91%9E%E5%85%92
Q112966338,草爷,演员,1,True,103,7007,https://zh.wikipedia.org/wiki/%E8%8D%89%E7%88%BA
Q47668585,荣梓杉,演员,1,True,68,6363,https://zh.wikipedia.org/wiki/%E8%8D%A3%E6%A2%93%E6%9D%89
NAME:荷莉·杭特,荷莉·杭特,演员,1,False,0,0,
Q1033016,荷莉·贝瑞,演员,1,True,109,11189,https://zh.wikipedia.org/wiki/%E8%8D%B7%E8%8E%89%C2%B7%E8%B2%9D%E7%91%9E
Q159178,荻皮卡·帕都恭,演员,2,True,100,5879,https://zh.wikipedia.org/wiki/%E8%8D%BB%E7%9A%AE%E5%8D%A1%C2%B7%E5%B8%95%E9%83%BD%E6%81%AD
Q228862,莉娜·欧琳,演员,1,True,254,1465,https://zh.wikipedia.org/wiki/%E8%8E%89%E5%A8%9C%C2%B7%E6%AD%90%E7%90%B3
Q20670730,莉莉-萝丝·戴普,演员,1,True,314,32927,https://zh.wikipedia.org/wiki/%E8%8E%89%E8%8E%89-%E8%98%BF%E7%B5%B2%C2%B7%E6%88%B4%E6%99%AE
Q229184,莉莉·柯林斯,演员,1,True,239,8509,https://zh.wikipedia.org/wiki/%E8%8E%89%E8%8E%89%C2%B7%E6%9F%AF%E6%9E%97%E6%96%AF
Q13217306,莉莉·詹姆斯,演员,2,True,151,8186,https://zh.wikipedia.org/wiki/%E8%8E%89%E8%8E%89%C2%B7%E8%A9%B9%E5%A7%86%E6%96%AF
Q7422787,莎拉·史努克,演员,1,True,399,4028,https://zh.wikipedia.org/wiki/%E8%8E%8E%E6%8B%89%C2%B7%E5%8F%B2%E5%8A%AA%E5%85%8B
Q4177928,莎拉·拉尔森,演员,1,True,581,36621,https://zh.wikipedia.org/wiki/%E8%8E%8E%E6%8B%89%C2%B7%E6%8B%89%E5%B0%94%E6%A3%AE
WP:莎琳拉·托马斯,莎琳拉·托马斯,演员,1,False,0,0,
Q26703036,莫妮卡·巴巴罗,演员,1,True,148,6745,https://zh.wikipedia.org/wiki/%E8%8E%AB%E5%A6%AE%E5%8D%A1%C2%B7%E5%B7%B4%E5%B7%B4%E7%BE%85
Q9333342,莫子仪,演员,1,True,325,34106,https://zh.wikipedia.org/wiki/%E8%8E%AB%E5%AD%90%E5%84%80
Q716027,莫文蔚,演员,1,True,1261,47180,https://zh.wikipedia.org/wiki/%E8%8E%AB%E6%96%87%E8%94%9A
NAME:莫永康,莫永康,演员,1,False,0,0,
NAME:莫莉·奎恩,莫莉·奎恩,演员,1,False,0,0,
Q231091,莫雷纳·巴卡林,演员,1,True,255,5830,https://zh.wikipedia.org/wiki/%E8%8E%AB%E9%9B%B7%E7%BA%B3%C2%B7%E5%B7%B4%E5%8D%A1%E6%9E%97
Q112082,莱奥妮·贝内施,演员,1,True,89,3673,https://zh.wikipedia.org/wiki/%E8%8E%B1%E5%A5%A5%E5%A6%AE%C2%B7%E8%B4%9D%E5%86%85%E6%96%BD
NAME:莱恩·雷诺斯,莱恩·雷诺斯,演员,1,False,0,0,
Q534925,莱斯莉·奥加姆斯,演员,1,True,64,831,https://zh.wikipedia.org/wiki/%E8%8E%B1%E6%96%AF%E8%8E%89%C2%B7%E5%A5%A5%E5%8A%A0%E5%A7%86%E6%96%AF
Q444410,莱斯莉·曼维尔,演员,1,True,62,1450,https://zh.wikipedia.org/wiki/%E8%8E%B1%E6%96%AF%E8%8E%89%C2%B7%E6%9B%BC%E7%BB%B4%E5%B0%94
Q38111,莱昂纳多·迪卡普里奥,演员,2,True,731,33012,https://zh.wikipedia.org/wiki/%E8%8E%B1%E6%98%82%E7%BA%B3%E5%A4%9A%C2%B7%E8%BF%AA%E5%8D%A1%E6%99%AE%E9%87%8C%E5%A5%A5
Q38111,莱昂纳多·迪卡普里奥,演员,1,True,731,33012,https://zh.wikipedia.org/wiki/%E8%8E%B1%E6%98%82%E7%BA%B3%E5%A4%9A%C2%B7%E8%BF%AA%E5%8D%A1%E6%99%AE%E9%87%8C%E5%A5%A5
NAME:莱维·米勒,莱维·米勒,演员,1,False,0,0,
Q28549850,莱莎·寇希,演员,1,True,225,2908,https://zh.wikipedia.org/wiki/%E8%90%8A%E8%8E%8E%C2%B7%E5%AF%87%E5%B8%8C
Q1134047,菅田将晖,演员,1,True,130,44680,https://zh.wikipedia.org/wiki/%E8%8F%85%E7%94%B0%E5%B0%87%E6%9A%89
Q234447,菲丽希缇·琼斯,演员,1,True,260,15317,https://zh.wikipedia.org/wiki/%E8%8F%B2%E4%B8%BD%E5%B8%8C%E7%BC%87%C2%B7%E7%90%BC%E6%96%AF
Q27535227,菲昂·怀海德,演员,1,True,82,6929,https://zh.wikipedia.org/wiki/%E8%8F%B2%E6%98%82%C2%B7%E6%87%B7%E6%B5%B7%E5%BE%B7
Q16224046,菲比·沃勒-布里奇,演员,1,True,334,24091,https://zh.wikipedia.org/wiki/%E8%8F%B2%E6%AF%94%C2%B7%E6%B2%83%E5%8B%92-%E5%B8%83%E9%87%8C%E5%A5%87
Q242739,菲莉西亚·拉沙德,演员,1,True,69,1799,https://zh.wikipedia.org/wiki/%E8%8F%B2%E8%8E%89%E8%A5%BF%E4%BA%9A%C2%B7%E6%8B%89%E6%B2%99%E5%BE%B7
WP:萝娜李·希蒙,萝娜李·希蒙,演员,1,False,0,0,
Q220901,萝拉·邓恩,演员,1,True,308,7616,https://zh.wikipedia.org/wiki/%E8%98%BF%E6%8B%89%C2%B7%E9%84%A7%E6%81%A9
Q97346946,萧永裕,演员,1,True,39,2305,https://zh.wikipedia.org/wiki/%E8%95%AD%E6%B0%B8%E8%A3%95
Q373034,萨伊德·塔格马奥,演员,1,True,75,4890,https://zh.wikipedia.org/wiki/%E8%90%A8%E4%BC%8A%E5%BE%B7%C2%B7%E5%A1%94%E6%A0%BC%E9%A9%AC%E5%A5%A5
Q351505,萨沙·达万,演员,1,True,274,12263,https://zh.wikipedia.org/wiki/%E8%90%A8%E6%B2%99%C2%B7%E8%BE%BE%E4%B8%87
Q26997611,萨琪·毕兹,演员,1,True,100,3371,https://zh.wikipedia.org/wiki/%E8%96%A9%E7%90%AA%C2%B7%E7%95%A2%E8%8C%B2
Q3443583,葆拉·努涅斯,演员,1,True,143,2446,https://zh.wikipedia.org/wiki/%E8%91%86%E6%8B%89%C2%B7%E5%8A%AA%E6%B6%85%E6%96%AF
Q2658847,葛优,演员,3,True,226,10442,https://zh.wikipedia.org/wiki/%E8%91%9B%E4%BC%98
Q2658847,葛优,演员,1,True,226,10442,https://zh.wikipedia.org/wiki/%E8%91%9B%E4%BC%98
Q5567967,葛伦·鲍威尔,演员,1,True,280,9265,https://zh.wikipedia.org/wiki/%E8%91%9B%E5%80%AB%C2%B7%E9%AE%91%E5%A8%81%E7%88%BE
NAME:葛凡,葛凡,演员,1,False,0,0,
Q26897673,葛蕾丝范,演员,1,True,102,10735,https://zh.wikipedia.org/wiki/%E8%91%9B%E8%95%BE%E7%B5%B2%E8%8C%83
NAME:董仔,董仔,演员,1,False,0,0,
Q987933,董洁,演员,1,True,105,9799,https://zh.wikipedia.org/wiki/%E8%91%A3%E6%B4%81
NAME:董洁,董洁,演员,1,False,0,0,
Q9336020,董玮,演员,1,True,218,12606,https://zh.wikipedia.org/wiki/%E8%91%A3%E7%91%8B
Q748404,蒂卡·桑普特,演员,1,True,281,3934,https://zh.wikipedia.org/wiki/%E8%92%82%E5%8D%A1%C2%B7%E6%A1%91%E6%99%AE%E7%89%B9
Q203804,蒂姆·罗斯,演员,1,True,154,5583,https://zh.wikipedia.org/wiki/%E8%92%82%E5%A7%86%C2%B7%E7%BD%97%E6%96%AF
NAME:蒂娜·费,蒂娜·费,演员,1,False,0,0,
Q57391,蒂尔·施魏格尔,演员,1,True,224,9103,https://zh.wikipedia.org/wiki/%E8%92%82%E5%B0%94%C2%B7%E6%96%BD%E9%AD%8F%E6%A0%BC%E5%B0%94
Q57391,蒂尔·施魏格尔,演员,1,True,224,9103,https://zh.wikipedia.org/wiki/%E8%92%82%E5%B0%94%C2%B7%E6%96%BD%E9%AD%8F%E6%A0%BC%E5%B0%94
NAME:蒂芬妮·哈戴许,蒂芬妮·哈戴许,演员,1,False,0,0,
Q200534,蒂达·史云顿,演员,3,True,945,27152,https://zh.wikipedia.org/wiki/%E8%92%82%E9%81%94%C2%B7%E5%8F%B2%E9%9B%B2%E9%A0%93
Q4778621,蒋勤勤,演员,1,True,37,6558,https://zh.wikipedia.org/wiki/%E8%92%8B%E5%8B%A4%E5%8B%A4
Q81819,蒙妮卡·贝露琪,演员,1,True,177,9038,https://zh.wikipedia.org/wiki/%E8%92%99%E5%A6%AE%E5%8D%A1%C2%B7%E8%B2%9D%E9%9C%B2%E7%90%AA
Q15904204,蓝盈莹,演员,1,True,81,7661,https://zh.wikipedia.org/wiki/%E8%97%8D%E7%9B%88%E7%91%A9
Q29564239,蔡凡熙,演员,1,True,115,7453,https://zh.wikipedia.org/wiki/%E8%94%A1%E5%87%A1%E7%86%99
Q55718966,蔡思韵,演员,3,True,47,8475,https://zh.wikipedia.org/wiki/%E8%94%A1%E6%80%9D%E9%9F%B5
Q9337337,蔡振南,演员,1,True,62,27531,https://zh.wikipedia.org/wiki/%E8%94%A1%E6%8C%AF%E5%8D%97
Q28410405,蔡文静,演员,1,True,52,5101,https://zh.wikipedia.org/wiki/%E8%94%A1%E6%96%87%E9%9D%99
NAME:蔡晓彤,蔡晓彤,演员,1,False,0,0,
Q18815764,蔡秀彬,演员,1,True,65,8809,https://zh.wikipedia.org/wiki/%E8%94%A1%E7%A7%80%E5%BD%AC
NAME:蔡邵桓,蔡邵桓,演员,1,False,0,0,
NAME:蕾亚·塞洪,蕾亚·塞洪,演员,1,False,0,0,
Q231096,蕾雅·瑟杜,演员,3,True,395,16839,https://zh.wikipedia.org/wiki/%E8%95%BE%E9%9B%85%C2%B7%E7%91%9F%E6%9D%9C
Q230710,薇拉莉·葛琳诺,演员,1,True,125,1698,https://zh.wikipedia.org/wiki/%E8%96%87%E6%8B%89%E8%8E%89%C2%B7%E8%91%9B%E7%90%B3%E8%AB%BE
Q220396,薇薇卡·A·福克斯,演员,1,True,334,3883,https://zh.wikipedia.org/wiki/%E8%96%87%E8%96%87%E5%8D%A1%C2%B7A%C2%B7%E7%A6%8F%E5%85%8B%E6%96%AF
Q101797,薇诺娜·瑞德,演员,1,True,727,23160,https://zh.wikipedia.org/wiki/%E8%96%87%E8%AF%BA%E5%A8%9C%C2%B7%E7%91%9E%E5%BE%B7
WP:薛宝鹤,薛宝鹤,演员,1,False,0,0,
NAME:薛马·摩尔,薛马·摩尔,演员,1,False,0,0,
Q229056,蜜妮·卓芙,演员,1,True,302,2360,https://zh.wikipedia.org/wiki/%E8%9C%9C%E5%A6%AE%C2%B7%E5%8D%93%E8%8A%99
Q156796,蜜雪儿·威廉丝,演员,1,True,507,61726,https://zh.wikipedia.org/wiki/%E8%9C%9C%E9%9B%AA%E5%85%92%C2%B7%E5%A8%81%E5%BB%89%E7%B5%B2
Q229112,蜜雪儿·摩纳汉,演员,1,True,93,6117,https://zh.wikipedia.org/wiki/%E8%9C%9C%E9%9B%AA%E5%85%92%C2%B7%E6%91%A9%E7%B4%8D%E6%BC%A2
NAME:袁富华,袁富华,演员,1,False,0,0,
Q55718976,袁富华,演员,1,True,328,19856,https://zh.wikipedia.org/wiki/%E8%A2%81%E5%AF%8C%E8%8F%AF
NAME:裘伊·罗伦·亚当斯,裘伊·罗伦·亚当斯,演员,1,False,0,0,
Q160432,裘德·洛,演员,2,True,90,11784,https://zh.wikipedia.org/wiki/%E8%A3%98%E5%BE%B7%C2%B7%E6%B4%9B
NAME:裘德·洛,裘德·洛,演员,1,False,0,0,
NAME:裴斗娜,裴斗娜,演员,1,False,0,0,
Q180942,西亚·李毕福,演员,1,True,100,17864,https://zh.wikipedia.org/wiki/%E8%A5%BF%E4%BA%9E%C2%B7%E6%9D%8E%E7%95%A2%E7%A6%8F
NAME:西恩·威廉·史考特,西恩·威廉·史考特,演员,1,False,0,0,
NAME:詹卡洛·埃斯波西托,詹卡洛·埃斯波西托,演员,1,False,0,0,
NAME:詹妮娜·加万卡,詹妮娜·加万卡,演员,1,False,0,0,
Q40715,詹妮弗·洛佩兹,演员,1,True,63,71134,https://zh.wikipedia.org/wiki/%E8%A9%B9%E5%A6%AE%E5%BC%97%C2%B7%E6%B4%9B%E4%BD%A9%E5%85%B9
Q15990205,詹姆士·诺顿,演员,2,True,153,7724,https://zh.wikipedia.org/wiki/%E8%A9%B9%E5%A7%86%E5%A3%AB%C2%B7%E8%AB%BE%E9%A0%93
NAME:詹姆士·达西,詹姆士·达西,演员,1,False,0,0,
Q717194,詹姆士·达西,演员,1,True,158,1232,https://zh.wikipedia.org/wiki/%E8%A9%B9%E5%A7%86%E5%A3%AB%C2%B7%E9%81%94%E8%A5%BF
NAME:詹姆士·雷玛,詹姆士·雷玛,演员,2,False,0,0,
Q299483,詹姆斯·克伦威尔,演员,1,True,80,2455,https://zh.wikipedia.org/wiki/%E8%A9%B9%E5%A7%86%E6%96%AF%C2%B7%E5%85%8B%E4%BC%A6%E5%A8%81%E5%B0%94
NAME:詹姆斯·劳林（）,詹姆斯·劳林（）,演员,1,False,0,0,
NAME:詹姆斯·厄尔巴尼亚克,詹姆斯·厄尔巴尼亚克,演员,1,False,0,0,
NAME:詹姆斯·阿卡斯特,詹姆斯·阿卡斯特,演员,1,False,0,0,
Q485901,詹姆斯·马斯登,演员,1,True,233,14702,https://zh.wikipedia.org/wiki/%E8%A9%B9%E5%A7%86%E6%96%AF%C2%B7%E9%A6%AC%E6%96%AF%E7%99%BB
Q193659,詹姆斯·麦艾维,演员,1,True,522,17483,https://zh.wikipedia.org/wiki/%E8%A9%B9%E5%A7%86%E6%96%AF%C2%B7%E9%BA%A5%E8%89%BE%E7%B6%AD
Q313705,詹森·舒瓦兹曼,演员,2,True,506,3154,https://zh.wikipedia.org/wiki/%E8%A9%B9%E6%A3%AE%C2%B7%E8%88%92%E7%93%A6%E5%85%B9%E6%9B%BC
Q313705,詹森·舒瓦兹曼,演员,1,True,506,3154,https://zh.wikipedia.org/wiki/%E8%A9%B9%E6%A3%AE%C2%B7%E8%88%92%E7%93%A6%E5%85%B9%E6%9B%BC
NAME:计春华,计春华,演员,1,False,0,0,
Q189422,让·杜雅尔丹,演员,1,True,157,4648,https://zh.wikipedia.org/wiki/%E8%AE%A9%C2%B7%E6%9D%9C%E9%9B%85%E5%B0%94%E4%B8%B9
Q1346638,许冠文,演员,2,True,340,26567,https://zh.wikipedia.org/wiki/%E8%A8%B1%E5%86%A0%E6%96%87
Q112889280,许恩怡,演员,1,True,73,3287,https://zh.wikipedia.org/wiki/%E8%A8%B1%E6%81%A9%E6%80%A1
NAME:许恩怡,许恩怡,演员,1,False,0,0,
NAME:许时豪,许时豪,演员,1,False,0,0,
NAME:许玮宁,许玮宁,演员,1,False,0,0,
Q118118022,许素莹,演员,1,True,87,18978,https://zh.wikipedia.org/wiki/%E8%A8%B1%E7%B4%A0%E7%91%A9
Q106526374,许贤,演员,1,True,72,4923,https://zh.wikipedia.org/wiki/%E8%A8%B1%E8%B3%A2
NAME:请参阅演员章节,请参阅演员章节,演员,1,False,0,0,
NAME:诺伯特·李奥·巴茨,诺伯特·李奥·巴茨,演员,1,False,0,0,
Q3345735,诺耶米·梅兰特,演员,1,True,51,7321,https://zh.wikipedia.org/wiki/%E8%AB%BE%E8%80%B6%E7%B1%B3%C2%B7%E6%A2%85%E8%98%AD%E7%89%B9
NAME:谢博文,谢博文,演员,1,False,0,0,
Q9343509,谢君豪,演员,1,True,166,23590,https://zh.wikipedia.org/wiki/%E8%AC%9D%E5%90%9B%E8%B1%AA
Q2481902,谢安琪,演员,1,True,701,79188,https://zh.wikipedia.org/wiki/%E8%AC%9D%E5%AE%89%E7%90%AA
NAME:谢怡芬,谢怡芬,演员,1,False,0,0,
NAME:谢章颖,谢章颖,演员,1,False,0,0,
Q9344146,谢苗,演员,1,True,95,11411,https://zh.wikipedia.org/wiki/%E8%AC%9D%E8%8B%97
Q2146157,谢贤,演员,1,True,249,35412,https://zh.wikipedia.org/wiki/%E8%AC%9D%E8%B3%A2
Q380579,谢霆锋,演员,1,True,282,63393,https://zh.wikipedia.org/wiki/%E8%AC%9D%E9%9C%86%E9%8B%92
Q712908,谭耀文,演员,1,True,305,37387,https://zh.wikipedia.org/wiki/%E8%AD%9A%E8%80%80%E6%96%87
Q229029,谭蒂·纽顿,演员,1,True,147,9811,https://zh.wikipedia.org/wiki/%E8%AD%9A%E8%92%82%C2%B7%E7%B4%90%E9%A0%93
Q6125633,谷祖琳,演员,1,True,45,13577,https://zh.wikipedia.org/wiki/%E8%B0%B7%E7%A5%96%E7%90%B3
NAME:贝尔·吉罗斯,贝尔·吉罗斯,演员,1,False,0,0,
Q28487,贝热尼丝·贝乔,演员,1,True,156,3611,https://zh.wikipedia.org/wiki/%E8%B4%9D%E7%83%AD%E5%B0%BC%E4%B8%9D%C2%B7%E8%B4%9D%E4%B9%94
Q28542230,贝瑞·科汉,演员,1,True,501,28449,https://zh.wikipedia.org/wiki/%E8%B2%9D%E7%91%9E%C2%B7%E7%A7%91%E6%BC%A2
Q335455,费尔兰德·蒙特纳哥,演员,1,True,132,2147,https://zh.wikipedia.org/wiki/%E8%B2%BB%E7%88%BE%E8%98%AD%E5%BE%B7%C2%B7%E8%92%99%E7%89%B9%E7%B4%8D%E5%93%A5
Q465907,费尔南达·托雷斯,演员,1,True,94,1029,https://zh.wikipedia.org/wiki/%E8%B4%B9%E5%B0%94%E5%8D%97%E8%BE%BE%C2%B7%E6%89%98%E9%9B%B7%E6%96%AF
Q73612,费欧娜·萧,演员,1,True,207,5290,https://zh.wikipedia.org/wiki/%E8%B2%BB%E6%AD%90%E5%A8%9C%C2%B7%E8%95%AD
NAME:贺珑,贺珑,演员,1,False,0,0,
NAME:贾冰,贾冰,演员,2,False,0,0,
NAME:贾图隆·摩乔克,贾图隆·摩乔克,演员,1,False,0,0,
Q241897,贾姬·威佛,演员,1,True,116,3158,https://zh.wikipedia.org/wiki/%E8%B3%88%E5%A7%AC%C2%B7%E5%A8%81%E4%BD%9B
Q316596,贾斯汀·塞洛克斯,演员,1,True,173,8696,https://zh.wikipedia.org/wiki/%E8%B3%88%E6%96%AF%E6%B1%80%C2%B7%E5%A1%9E%E6%B4%9B%E5%85%8B%E6%96%AF
NAME:贾斯汀·巴尔多尼,贾斯汀·巴尔多尼,演员,1,False,0,0,
Q43432,贾斯汀·提姆布莱克,演员,1,True,329,24278,https://zh.wikipedia.org/wiki/%E8%B3%88%E6%96%AF%E6%B1%80%C2%B7%E6%8F%90%E5%A7%86%E5%B8%83%E8%90%8A%E5%85%8B
Q22058479,贾斯特·史密斯,演员,1,True,122,5241,https://zh.wikipedia.org/wiki/%E8%B3%88%E6%96%AF%E7%89%B9%C2%B7%E5%8F%B2%E5%AF%86%E6%96%AF
Q2312801,贾桂琳·费南迪斯,演员,1,True,283,2457,https://zh.wikipedia.org/wiki/%E8%B3%88%E6%A1%82%E7%90%B3%C2%B7%E8%B2%BB%E5%8D%97%E8%BF%AA%E6%96%AF
NAME:赖淑琪,赖淑琪,演员,1,False,0,0,
NAME:赖玟君,赖玟君,演员,1,False,0,0,
NAME:赖雨霏,赖雨霏,演员,1,False,0,0,
NAME:赛塔蕾·马莱基（Setareh Maleki）,赛塔蕾·马莱基（Setareh Maleki）,演员,1,False,0,0,
Q455898,赛巴斯汀·史坦,演员,2,True,219,10583,https://zh.wikipedia.org/wiki/%E8%B3%BD%E5%B7%B4%E6%96%AF%E6%B1%80%C2%B7%E5%8F%B2%E5%9D%A6
Q83287,赛琳娜·戈麦斯,演员,1,True,1392,25376,https://zh.wikipedia.org/wiki/%E8%B5%9B%E7%90%B3%E5%A8%9C%C2%B7%E6%88%88%E9%BA%A6%E6%96%AF
NAME:赛门·菲利普斯,赛门·菲利普斯,演员,1,False,0,0,
NAME:赛门·雷克斯,赛门·雷克斯,演员,1,False,0,0,
NAME:赛门·麦克伯尼,赛门·麦克伯尼,演员,1,False,0,0,
Q189489,赞达亚,演员,1,True,785,41884,https://zh.wikipedia.org/wiki/%E8%B5%9E%E8%BE%BE%E4%BA%9A
Q233619,赫利希克·罗桑,演员,1,True,532,56076,https://zh.wikipedia.org/wiki/%E8%B5%AB%E5%88%A9%E5%B8%8C%E5%85%8B%C2%B7%E7%BE%85%E6%A1%91
NAME:赫里杜·哈龙（Hridhu Haroon）,赫里杜·哈龙（Hridhu Haroon）,演员,1,False,0,0,
Q9349416,赵丽颖,演员,2,True,199,38700,https://zh.wikipedia.org/wiki/%E8%B6%99%E9%BA%97%E7%A9%8E
Q197424,赵本山,演员,1,True,153,33512,https://zh.wikipedia.org/wiki/%E8%B5%B5%E6%9C%AC%E5%B1%B1
Q82680,赵涛 (演员),演员,1,True,69,9375,https://zh.wikipedia.org/wiki/%E8%B5%B5%E6%B6%9B_(%E6%BC%94%E5%91%98)
Q27951780,赵祐镇,演员,1,True,94,8600,https://zh.wikipedia.org/wiki/%E8%B6%99%E7%A5%90%E9%8E%AE
Q312705,赵约翰,演员,1,True,99,13070,https://zh.wikipedia.org/wiki/%E8%B6%99%E7%B4%84%E7%BF%B0
Q197471,赵薇,演员,1,True,238,65581,https://zh.wikipedia.org/wiki/%E8%B6%99%E8%96%87
Q493864,赵震雄,演员,1,True,406,56674,https://zh.wikipedia.org/wiki/%E8%B6%99%E9%9C%87%E9%9B%84
Q123405515,越山敬达,演员,1,True,118,7447,https://zh.wikipedia.org/wiki/%E8%B6%8A%E5%B1%B1%E6%95%AC%E8%BE%BE
Q1877051,路克·汉斯沃,演员,2,True,124,8177,https://zh.wikipedia.org/wiki/%E8%B7%AF%E5%85%8B%C2%B7%E6%BC%A2%E6%96%AF%E6%B2%83
Q382393,路易·卡瑞,演员,1,True,127,6826,https://zh.wikipedia.org/wiki/%E8%B7%AF%E6%98%93%C2%B7%E5%8D%A1%E7%91%9E
NAME:路易·古兹曼,路易·古兹曼,演员,1,False,0,0,
NAME:路易·帕特里奇,路易·帕特里奇,演员,1,False,0,0,
Q59830990,路易斯·普曼,演员,1,True,471,30276,https://zh.wikipedia.org/wiki/%E8%B7%AF%E6%98%93%E6%96%AF%C2%B7%E6%99%AE%E6%9B%BC
Q9017379,车保罗,演员,1,True,132,35164,https://zh.wikipedia.org/wiki/%E8%BB%8A%E4%BF%9D%E7%BE%85
Q699866,车婉婉,演员,1,True,120,31538,https://zh.wikipedia.org/wiki/%E8%BB%8A%E5%A9%89%E5%A9%89
NAME:车昕,车昕,演员,1,False,0,0,
Q490067,车胜元,演员,1,True,51,19919,https://zh.wikipedia.org/wiki/%E8%BB%8A%E5%8B%9D%E5%85%83
Q230736,辛·杨,演员,1,True,135,21040,https://zh.wikipedia.org/wiki/%E8%BE%9B%C2%B7%E6%A5%8A
Q16336264,辛柏青,演员,1,True,46,5757,https://zh.wikipedia.org/wiki/%E8%BE%9B%E6%9F%8F%E9%9D%92
Q12357541,辛树芬,演员,1,True,26,5029,https://zh.wikipedia.org/wiki/%E8%BE%9B%E6%A8%B9%E8%8A%AC
Q53066688,辛芷蕾,演员,2,True,93,7913,https://zh.wikipedia.org/wiki/%E8%BE%9B%E8%8A%B7%E8%95%BE
Q1171858,达什·米霍克,演员,1,True,115,1978,https://zh.wikipedia.org/wiki/%E9%81%94%E4%BB%80%C2%B7%E7%B1%B3%E9%9C%8D%E5%85%8B
NAME:达伦·巴奈特,达伦·巴奈特,演员,1,False,0,0,
Q521624,达格玛拉·多敏齐克,演员,1,True,69,5581,https://zh.wikipedia.org/wiki/%E8%BE%BE%E6%A0%BC%E7%8E%9B%E6%8B%89%C2%B7%E5%A4%9A%E6%95%8F%E9%BD%90%E5%85%8B
Q2315802,达珂塔·强生,演员,1,True,459,25663,https://zh.wikipedia.org/wiki/%E9%81%94%E7%8F%82%E5%A1%94%C2%B7%E5%BC%B7%E7%94%9F
NAME:达珂塔·强生,达珂塔·强生,演员,1,False,0,0,
Q115541,达科塔·芬妮,演员,1,True,155,17777,https://zh.wikipedia.org/wiki/%E9%81%94%E7%A7%91%E5%A1%94%C2%B7%E8%8A%AC%E5%A6%AE
NAME:达米尔·科维奇（）,达米尔·科维奇（）,演员,1,False,0,0,
Q26922240,达茜·卡尔登,演员,1,True,236,2939,https://zh.wikipedia.org/wiki/%E8%BE%BE%E8%8C%9C%C2%B7%E5%8D%A1%E5%B0%94%E7%99%BB
Q1093867,达蒙·海瑞曼,演员,1,True,133,664,https://zh.wikipedia.org/wiki/%E9%81%94%E8%92%99%C2%B7%E6%B5%B7%E7%91%9E%E6%9B%BC
NAME:迈克·兰德斯,迈克·兰德斯,演员,1,False,0,0,
NAME:迈克·安格拉诺,迈克·安格拉诺,演员,1,False,0,0,
NAME:迈克·特鲁科,迈克·特鲁科,演员,1,False,0,0,
Q311962,迈克·艾普斯,演员,1,True,217,4236,https://zh.wikipedia.org/wiki/%E8%BF%88%E5%85%8B%C2%B7%E8%89%BE%E6%99%AE%E6%96%AF
Q248915,迈克·贾·怀特,演员,1,True,239,9291,https://zh.wikipedia.org/wiki/%E9%82%81%E5%85%8B%C2%B7%E8%B3%88%C2%B7%E6%87%B7%E7%89%B9
NAME:迈克尔·珊农,迈克尔·珊农,演员,1,False,0,0,
Q220584,迈克尔·马德森,演员,1,True,171,33175,https://zh.wikipedia.org/wiki/%E8%BF%88%E5%85%8B%E5%B0%94%C2%B7%E9%A9%AC%E5%BE%B7%E6%A3%AE
Q525065,迈克尔·鲁克,演员,2,True,356,14732,https://zh.wikipedia.org/wiki/%E8%BF%88%E5%85%8B%E5%B0%94%C2%B7%E9%B2%81%E5%85%8B
Q7208236,连伟健,演员,1,True,61,4723,https://zh.wikipedia.org/wiki/%E9%80%A3%E5%81%89%E5%81%A5
NAME:连凯,连凯,演员,1,False,0,0,
Q58444,连恩·尼逊,演员,1,True,849,30069,https://zh.wikipedia.org/wiki/%E9%80%A3%E6%81%A9%C2%B7%E5%B0%BC%E9%81%9C
Q32045,连恩·汉斯沃,演员,1,True,78,8211,https://zh.wikipedia.org/wiki/%E9%80%A3%E6%81%A9%C2%B7%E6%BC%A2%E6%96%AF%E6%B2%83
NAME:迪伦·莫兰,迪伦·莫兰,演员,1,False,0,0,
NAME:迪奥·罗西,迪奥·罗西,演员,1,False,0,0,
Q1365889,通猜·麦金泰,演员,1,True,913,19374,https://zh.wikipedia.org/wiki/%E9%80%9A%E7%8C%9C%C2%B7%E9%BA%A6%E9%87%91%E6%B3%B0
Q468707,邓丽欣,演员,3,True,326,51559,https://zh.wikipedia.org/wiki/%E9%84%A7%E9%BA%97%E6%AC%A3
Q8947801,邓家佳,演员,2,True,30,5266,https://zh.wikipedia.org/wiki/%E9%82%93%E5%AE%B6%E4%BD%B3
Q26769077,邓月平,演员,1,True,128,24987,https://zh.wikipedia.org/wiki/%E9%84%A7%E6%9C%88%E5%B9%B3
Q1140540,邓超,演员,2,True,474,12679,https://zh.wikipedia.org/wiki/%E9%82%93%E8%B6%85
NAME:那维勋,那维勋,演员,1,False,0,0,
Q272952,邦妮·亨特,演员,1,True,85,1903,https://zh.wikipedia.org/wiki/%E9%82%A6%E5%A6%AE%C2%B7%E4%BA%A8%E7%89%B9
NAME:邵兵,邵兵,演员,1,False,0,0,
Q9355893,邹文正,演员,1,True,119,8826,https://zh.wikipedia.org/wiki/%E9%84%92%E6%96%87%E6%AD%A3
NAME:邹暟沄,邹暟沄,演员,1,False,0,0,
Q6503919,郑丹瑞,演员,2,True,313,22710,https://zh.wikipedia.org/wiki/%E9%84%AD%E4%B8%B9%E7%91%9E
Q61774632,郑云龙,演员,1,True,615,20856,https://zh.wikipedia.org/wiki/%E9%83%91%E4%BA%91%E9%BE%99
Q20689164,郑人硕,演员,1,True,297,12423,https://zh.wikipedia.org/wiki/%E9%84%AD%E4%BA%BA%E7%A2%A9
Q717129,郑伊健,演员,1,True,562,43295,https://zh.wikipedia.org/wiki/%E9%84%AD%E4%BC%8A%E5%81%A5
NAME:郑培娜,郑培娜,演员,1,False,0,0,
NAME:郑平君,郑平君,演员,1,False,0,0,
Q5120477,郑恩彩,演员,1,True,37,6541,https://zh.wikipedia.org/wiki/%E9%84%AD%E6%81%A9%E5%BD%A9
Q9085245,郑恺,演员,1,True,128,10353,https://zh.wikipedia.org/wiki/%E9%83%91%E6%81%BA
NAME:郑恺,郑恺,演员,1,False,0,0,
Q19349738,郑星一,演员,1,True,214,13918,https://zh.wikipedia.org/wiki/%E9%83%91%E6%98%9F%E4%B8%80
Q440910,郑肯,演员,1,True,130,4556,https://zh.wikipedia.org/wiki/%E9%83%91%E8%82%AF
NAME:郝瀚,郝瀚,演员,1,False,0,0,
WP:郭书玮,郭书玮,演员,1,False,0,0,
NAME:郭安妮,郭安妮,演员,1,False,0,0,
Q16872,郭富城,演员,2,True,410,85587,https://zh.wikipedia.org/wiki/%E9%83%AD%E5%AF%8C%E5%9F%8E
NAME:郭富城,郭富城,演员,1,False,0,0,
Q5619623,郭涛 (演员),演员,1,True,25,4981,https://zh.wikipedia.org/wiki/%E9%83%AD%E6%B6%9B_(%E6%BC%94%E5%91%98)
Q16235421,郭皓,演员,1,True,41,3162,https://zh.wikipedia.org/wiki/%E9%83%AD%E7%9A%93
Q1861917,里兹·阿迈德,演员,1,True,197,7125,https://zh.wikipedia.org/wiki/%E9%87%8C%E5%85%B9%C2%B7%E9%98%BF%E8%BF%88%E5%BE%B7
NAME:里德·斯科特,里德·斯科特,演员,1,False,0,0,
Q110878905,金东辉,演员,1,True,103,8002,https://zh.wikipedia.org/wiki/%E9%87%91%E6%9D%B1%E8%BC%9D
Q229389,金伦珍,演员,1,True,160,3342,https://zh.wikipedia.org/wiki/%E9%87%91%E5%80%AB%E7%8F%8D
NAME:金伸比,金伸比,演员,1,False,0,0,
NAME:金到建,金到建,演员,1,False,0,0,
Q484360,金喜爱,演员,1,True,123,10382,https://zh.wikipedia.org/wiki/%E9%87%91%E5%96%9C%E6%84%9B
Q12587761,金圣喆,演员,1,True,172,11648,https://zh.wikipedia.org/wiki/%E9%87%91%E8%81%96%E5%96%86
NAME:金士杰,金士杰,演员,1,False,0,0,
Q5356443,金宇彬,演员,1,True,188,12376,https://zh.wikipedia.org/wiki/%E9%87%91%E5%AE%87%E5%BD%AC
WP:金宝英,金宝英,演员,1,False,0,0,
Q22973199,金弘波,演员,1,True,152,7239,https://zh.wikipedia.org/wiki/%E9%87%91%E5%BC%98%E6%B3%A2
Q3616350,金成均,演员,1,True,35,4982,https://zh.wikipedia.org/wiki/%E9%87%91%E6%88%90%E5%9D%87
Q24572132,金斯利·本-阿迪尔,演员,1,True,256,12491,https://zh.wikipedia.org/wiki/%E9%87%91%E6%96%AF%E5%88%A9%C2%B7%E6%9C%AC-%E9%98%BF%E8%BF%AA%E5%B0%94
Q107109045,金新绿,演员,2,True,53,12532,https://zh.wikipedia.org/wiki/%E9%87%91%E6%96%B0%E7%B6%A0
Q6678598,金正兰,演员,1,True,69,6195,https://zh.wikipedia.org/wiki/%E9%87%91%E6%AD%A3%E8%98%AD
Q493691,金武烈,演员,1,True,53,18066,https://zh.wikipedia.org/wiki/%E9%87%91%E6%AD%A6%E7%83%88
Q56660171,金玟周,演员,1,True,221,14022,https://zh.wikipedia.org/wiki/%E9%87%91%E7%8E%9F%E5%91%A8
NAME:金珉才,金珉才,演员,1,False,0,0,
Q616867,金瑞亨,演员,1,True,51,11674,https://zh.wikipedia.org/wiki/%E9%87%91%E7%91%9E%E4%BA%A8
NAME:金英雄,金英雄,演员,1,False,0,0,
Q6408653,金高银,演员,2,True,41,13572,https://zh.wikipedia.org/wiki/%E9%87%91%E9%AB%98%E9%8A%80
NAME:钟柏豪,钟柏豪,演员,1,False,0,0,
Q47091311,钟楚曦,演员,2,True,31,4839,https://zh.wikipedia.org/wiki/%E9%92%9F%E6%A5%9A%E6%9B%A6
Q47091311,钟楚曦,演员,1,True,31,4839,https://zh.wikipedia.org/wiki/%E9%92%9F%E6%A5%9A%E6%9B%A6
Q65313000,钟雪莹,演员,1,True,113,11677,https://zh.wikipedia.org/wiki/%E9%8D%BE%E9%9B%AA%E7%91%A9
NAME:钱似莺,钱似莺,演员,1,False,0,0,
NAME:钱明,钱明,演员,1,False,0,0,
Q11648535,铃木亮平,演员,1,True,83,12897,https://zh.wikipedia.org/wiki/%E9%88%B4%E6%9C%A8%E4%BA%AE%E5%B9%B3
NAME:铃木亮平,铃木亮平,演员,1,False,0,0,
NAME:锡瓦卡席克扬,锡瓦卡席克扬,演员,1,False,0,0,
NAME:长井短,长井短,演员,1,False,0,0,
NAME:长田成哉,长田成哉,演员,1,False,0,0,
Q17687112,长绳麻理亚,演员,1,True,87,33629,https://zh.wikipedia.org/wiki/%E9%95%B7%E7%B9%A9%E9%BA%BB%E7%90%86%E4%BA%9E
Q11655100,门脇麦,演员,1,True,77,17525,https://zh.wikipedia.org/wiki/%E9%96%80%E8%84%87%E9%BA%A5
NAME:间宫祥太朗,间宫祥太朗,演员,1,False,0,0,
NAME:阎鹤祥,阎鹤祥,演员,1,False,0,0,
NAME:阳靓,阳靓,演员,1,False,0,0,
NAME:阿丽安·拉蓓,阿丽安·拉蓓,演员,1,False,0,0,
Q233748,阿克夏·库马,演员,2,True,1241,40972,https://zh.wikipedia.org/wiki/%E9%98%BF%E5%85%8B%E5%A4%8F%C2%B7%E5%BA%AB%E9%A6%AC
Q2830641,阿兰娜·乌瓦奇,演员,1,True,184,1844,https://zh.wikipedia.org/wiki/%E9%98%BF%E5%85%B0%E5%A8%9C%C2%B7%E4%B9%8C%E7%93%A6%E5%A5%87
Q85678795,阿奇·雷诺斯,演员,1,True,160,4139,https://zh.wikipedia.org/wiki/%E9%98%BF%E5%A5%87%C2%B7%E9%9B%B7%E8%AB%BE%E6%96%AF
Q245880,阿奈林·巴纳德,演员,1,True,200,1506,https://zh.wikipedia.org/wiki/%E9%98%BF%E5%A5%88%E6%9E%97%C2%B7%E5%B7%B4%E7%B4%8D%E5%BE%B7
Q296028,阿尔弗雷德·莫里纳,演员,1,True,49,17766,https://zh.wikipedia.org/wiki/%E9%98%BF%E5%B0%94%E5%BC%97%E9%9B%B7%E5%BE%B7%C2%B7%E8%8E%AB%E9%87%8C%E7%BA%B3
Q104514,阿德里安·布罗迪,演员,1,True,178,19426,https://zh.wikipedia.org/wiki/%E9%98%BF%E5%BE%B7%E9%87%8C%E5%AE%89%C2%B7%E5%B8%83%E7%BD%97%E8%BF%AA
Q104514,阿德里安·布罗迪,演员,1,True,178,19426,https://zh.wikipedia.org/wiki/%E9%98%BF%E5%BE%B7%E9%87%8C%E5%AE%89%C2%B7%E5%B8%83%E7%BD%97%E8%BF%AA
Q238483,阿曼达·普卢默,演员,1,True,77,1222,https://zh.wikipedia.org/wiki/%E9%98%BF%E6%9B%BC%E8%BE%BE%C2%B7%E6%99%AE%E5%8D%A2%E9%BB%98
NAME:阿杰·德乌根,阿杰·德乌根,演员,1,False,0,0,
NAME:阿查拉·苏万,阿查拉·苏万,演员,1,False,0,0,
NAME:阿琳娜·古列维奇,阿琳娜·古列维奇,演员,1,False,0,0,
NAME:阿米内·阿拉尼（Amineh Arani）,阿米内·阿拉尼（Amineh Arani）,演员,1,False,0,0,
NAME:阿莉克丝·金斯顿,阿莉克丝·金斯顿,演员,1,False,0,0,
NAME:阿莱克斯·纽斯塔特,阿莱克斯·纽斯塔特,演员,1,False,0,0,
NAME:阿莱格拉·诺西塔（）,阿莱格拉·诺西塔（）,演员,1,False,0,0,
Q2383191,阿葰·卡浦尔,演员,1,True,352,2283,https://zh.wikipedia.org/wiki/%E9%98%BF%E8%91%B0%C2%B7%E5%8D%A1%E6%B5%A6%E7%88%BE
Q2685,阿诺·施瓦辛格,演员,1,True,511,16003,https://zh.wikipedia.org/wiki/%E9%98%BF%E8%AF%BA%C2%B7%E6%96%BD%E7%93%A6%E8%BE%9B%E6%A0%BC
NAME:阿里·苏利曼,阿里·苏利曼,演员,1,False,0,0,
NAME:阿里尔·舒曼,阿里尔·舒曼,演员,1,False,0,0,
Q2825427,阿黛尔·艾克阿切波洛斯,演员,1,True,57,5144,https://zh.wikipedia.org/wiki/%E9%98%BF%E9%BB%9B%E5%B0%94%C2%B7%E8%89%BE%E5%85%8B%E9%98%BF%E5%88%87%E6%B3%A2%E6%B4%9B%E6%96%AF
Q9371288,陆小芬,演员,1,True,122,9645,https://zh.wikipedia.org/wiki/%E9%99%B8%E5%B0%8F%E8%8A%AC
Q3264585,陆弈静,演员,1,True,320,9444,https://zh.wikipedia.org/wiki/%E9%99%B8%E5%BC%88%E9%9D%9C
NAME:陆弈静,陆弈静,演员,1,False,0,0,
NAME:陆思敬,陆思敬,演员,1,False,0,0,
WP:陈业雄,陈业雄,演员,1,False,0,0,
Q8347296,陈丽贞,演员,1,True,197,3343,https://zh.wikipedia.org/wiki/%E9%99%B3%E9%BA%97%E8%B2%9E
NAME:陈以文,陈以文,演员,1,False,0,0,
NAME:陈伟雄,陈伟雄,演员,1,False,0,0,
Q55735350,陈俊翔 (演员),演员,2,True,70,7318,https://zh.wikipedia.org/wiki/%E9%99%B3%E4%BF%8A%E7%BF%94_(%E6%BC%94%E5%93%A1)
NAME:陈俊铭,陈俊铭,演员,1,False,0,0,
Q270672,陈冲 (演员),演员,1,True,234,20038,https://zh.wikipedia.org/wiki/%E9%99%88%E5%86%B2_(%E6%BC%94%E5%91%98)
Q60991444,陈卓贤,演员,1,True,538,95133,https://zh.wikipedia.org/wiki/%E9%99%B3%E5%8D%93%E8%B3%A2
Q12618258,陈善圭,演员,2,True,134,18718,https://zh.wikipedia.org/wiki/%E9%99%B3%E5%96%84%E5%9C%AD
NAME:陈妍伶,陈妍伶,演员,1,False,0,0,
NAME:陈怡桦,陈怡桦,演员,1,False,0,0,
NAME:陈文彬,陈文彬,演员,1,False,0,0,
Q15904716,陈昊宇,演员,1,True,175,38734,https://zh.wikipedia.org/wiki/%E9%99%B3%E6%98%8A%E5%AE%87
Q8933341,陈松勇,演员,1,True,191,16701,https://zh.wikipedia.org/wiki/%E9%99%B3%E6%9D%BE%E5%8B%87
Q706933,陈柏霖,演员,2,True,70,17879,https://zh.wikipedia.org/wiki/%E9%99%B3%E6%9F%8F%E9%9C%96
Q63199392,陈欣妍,演员,1,True,178,5419,https://zh.wikipedia.org/wiki/%E9%99%B3%E6%AC%A3%E5%A6%8D
Q104553009,陈毅燊,演员,1,True,188,80371,https://zh.wikipedia.org/wiki/%E9%99%B3%E6%AF%85%E7%87%8A
NAME:陈毅燊,陈毅燊,演员,1,False,0,0,
Q57983728,陈永胜,演员,1,True,109,1804,https://zh.wikipedia.org/wiki/%E9%99%88%E6%B0%B8%E8%83%9C
Q707187,陈法拉,演员,2,True,156,26141,https://zh.wikipedia.org/wiki/%E9%99%B3%E6%B3%95%E6%8B%89
Q64015319,陈湛文,演员,2,True,140,25322,https://zh.wikipedia.org/wiki/%E9%99%B3%E6%B9%9B%E6%96%87
NAME:陈葳,陈葳,演员,1,False,0,0,
Q8944573,陈辉虹,演员,1,True,100,4451,https://zh.wikipedia.org/wiki/%E9%99%B3%E8%BC%9D%E8%99%B9
Q15889337,陈龙 (演员),演员,1,True,100,6401,https://zh.wikipedia.org/wiki/%E9%99%88%E9%BE%99_(%E6%BC%94%E5%91%98)
Q342419,陶比·琼斯,演员,1,True,961,36782,https://zh.wikipedia.org/wiki/%E9%99%B6%E6%AF%94%C2%B7%E7%93%8A%E6%96%AF
Q893006,陶虹,演员,1,True,69,8111,https://zh.wikipedia.org/wiki/%E9%99%B6%E8%99%B9
Q20965633,雅各·特伦布雷,演员,2,True,157,12699,https://zh.wikipedia.org/wiki/%E9%9B%85%E5%90%84%C2%B7%E7%89%B9%E5%80%AB%E5%B8%83%E9%9B%B7
Q53909401,雅各·艾洛迪,演员,1,True,199,5919,https://zh.wikipedia.org/wiki/%E9%9B%85%E5%90%84%C2%B7%E8%89%BE%E6%B4%9B%E8%BF%AA
NAME:雅各布·洛夫兰,雅各布·洛夫兰,演员,1,False,0,0,
NAME:雅各布·西皮奥,雅各布·西皮奥,演员,1,False,0,0,
Q26213909,雅各布·贝塔隆,演员,2,True,178,7661,https://zh.wikipedia.org/wiki/%E9%9B%85%E5%90%84%E5%B8%83%C2%B7%E8%B2%9D%E5%A1%94%E9%9A%86
Q23928895,雅瑞安娜·葛林布雷,演员,1,True,190,11101,https://zh.wikipedia.org/wiki/%E9%9B%85%E7%91%9E%E5%AE%89%E5%A8%9C%C2%B7%E8%91%9B%E6%9E%97%E5%B8%83%E9%9B%B7
Q211280,雷·利奥塔,演员,1,True,207,13474,https://zh.wikipedia.org/wiki/%E9%9B%B7%C2%B7%E5%88%A9%E5%A5%A5%E5%A1%94
Q310932,雷·温斯顿,演员,1,True,94,4549,https://zh.wikipedia.org/wiki/%E9%9B%B7%C2%B7%E6%BA%AB%E6%96%AF%E9%A0%93
Q220836,雷·罗曼诺,演员,1,True,132,5597,https://zh.wikipedia.org/wiki/%E9%9B%B7%C2%B7%E7%BE%85%E6%9B%BC%E8%AB%BE
Q16729006,雷·费雪,演员,2,True,128,10742,https://zh.wikipedia.org/wiki/%E9%9B%B7%C2%B7%E8%B2%BB%E9%9B%AA
NAME:雷伊·吉尔,雷伊·吉尔,演员,1,False,0,0,
Q15924951,雷佳音,演员,1,True,213,21019,https://zh.wikipedia.org/wiki/%E9%9B%B7%E4%BD%B3%E9%9F%B3
Q28493,雷夫·范恩斯,演员,2,True,830,58485,https://zh.wikipedia.org/wiki/%E9%9B%B7%E5%A4%AB%C2%B7%E8%8C%83%E6%81%A9%E6%96%AF
Q28493,雷夫·范恩斯,演员,1,True,830,58485,https://zh.wikipedia.org/wiki/%E9%9B%B7%E5%A4%AB%C2%B7%E8%8C%83%E6%81%A9%E6%96%AF
Q28718257,雷娜特·赖因斯夫,演员,1,True,267,17289,https://zh.wikipedia.org/wiki/%E9%9B%B7%E5%A8%9C%E7%89%B9%C2%B7%E8%B5%96%E5%9B%A0%E6%96%AF%E5%A4%AB
NAME:雷恩·葛斯林,雷恩·葛斯林,演员,1,False,0,0,
Q15909111,雷瑟琳,演员,1,True,216,5235,https://zh.wikipedia.org/wiki/%E9%9B%B7%E7%91%9F%E7%90%B3
NAME:雷米·马利克,雷米·马利克,演员,1,False,0,0,
NAME:雷震,雷震,演员,1,False,0,0,
NAME:露易丝·隆巴德,露易丝·隆巴德,演员,1,False,0,0,
Q3942185,露比·萝丝,演员,1,True,241,11953,https://zh.wikipedia.org/wiki/%E9%9C%B2%E6%AF%94%C2%B7%E8%98%BF%E7%B5%B2
Q3840847,露琵塔·尼咏欧,演员,1,True,172,8559,https://zh.wikipedia.org/wiki/%E9%9C%B2%E7%90%B5%E5%A1%94%C2%B7%E5%B0%BC%E8%A9%A0%E6%AD%90
NAME:霸道横行,霸道横行,演员,1,False,0,0,
Q11661934,青柳尊哉,演员,1,True,124,13226,https://zh.wikipedia.org/wiki/%E9%9D%92%E6%9F%B3%E5%B0%8A%E5%93%89
NAME:韦斯·宾尼,韦斯·宾尼,演员,1,False,0,0,
NAME:韦罗莎,韦罗莎,演员,1,False,0,0,
Q495069,韩善伙,演员,1,True,140,8806,https://zh.wikipedia.org/wiki/%E9%9F%93%E5%96%84%E4%BC%99
WP:韩彦博,韩彦博,演员,1,False,0,0,
NAME:韩锐,韩锐,演员,1,False,0,0,
NAME:顾靖,顾靖,演员,1,False,0,0,
WP:颜北,颜北,演员,1,False,0,0,
Q726130,马丁·唐纳文,演员,1,True,100,2430,https://zh.wikipedia.org/wiki/%E9%A6%AC%E4%B8%81%C2%B7%E5%94%90%E7%B4%8D%E6%96%87
Q309486,马丁·费里曼,演员,1,True,556,24398,https://zh.wikipedia.org/wiki/%E9%A6%AC%E4%B8%81%C2%B7%E8%B2%BB%E9%87%8C%E6%9B%BC
Q498374,马东石,演员,1,True,83,16880,https://zh.wikipedia.org/wiki/%E9%A6%AC%E6%9D%B1%E7%9F%B3
Q498374,马东石,演员,1,True,83,16880,https://zh.wikipedia.org/wiki/%E9%A6%AC%E6%9D%B1%E7%9F%B3
Q24838942,马丽,演员,2,True,365,17366,https://zh.wikipedia.org/wiki/%E9%A6%AC%E9%BA%97
NAME:马乔里·德奥利维拉,马乔里·德奥利维拉,演员,1,False,0,0,
Q355835,马修·亚玛希,演员,1,True,132,8272,https://zh.wikipedia.org/wiki/%E9%A6%AC%E4%BF%AE%C2%B7%E4%BA%9E%E7%91%AA%E5%B8%8C
NAME:马修·莫汀,马修·莫汀,演员,2,False,0,0,
NAME:马修·里沃德,马修·里沃德,演员,1,False,0,0,
Q188955,马修·麦康纳,演员,1,True,687,20390,https://zh.wikipedia.org/wiki/%E9%A9%AC%E4%BF%AE%C2%B7%E9%BA%A6%E5%BA%B7%E7%BA%B3
Q188955,马修·麦康纳,演员,1,True,687,20390,https://zh.wikipedia.org/wiki/%E9%A9%AC%E4%BF%AE%C2%B7%E9%BA%A6%E5%BA%B7%E7%BA%B3
NAME:马修·麦康纳,马修·麦康纳,演员,1,False,0,0,
Q314954,马修·麦费狄恩,演员,1,True,227,1916,https://zh.wikipedia.org/wiki/%E9%A6%AC%E4%BF%AE%C2%B7%E9%BA%A5%E8%B2%BB%E7%8B%84%E6%81%A9
Q326444,马克·佩雷格里诺,演员,1,True,110,1268,https://zh.wikipedia.org/wiki/%E9%A9%AC%E5%85%8B%C2%B7%E4%BD%A9%E9%9B%B7%E6%A0%BC%E9%87%8C%E8%AF%BA
Q312712,马克·史壮,演员,1,True,203,14295,https://zh.wikipedia.org/wiki/%E9%A6%AC%E5%85%8B%C2%B7%E5%8F%B2%E5%A3%AF
Q210447,马克·汉米尔,演员,1,True,272,11545,https://zh.wikipedia.org/wiki/%E9%A6%AC%E5%85%8B%C2%B7%E6%BC%A2%E7%B1%B3%E7%88%BE
Q324572,马克·里朗斯,演员,1,True,575,4925,https://zh.wikipedia.org/wiki/%E9%A9%AC%E5%85%8B%C2%B7%E9%87%8C%E6%9C%97%E6%96%AF
NAME:马克斯·马蒂尼,马克斯·马蒂尼,演员,1,False,0,0,
NAME:马尔科·扎瑞,马尔科·扎瑞,演员,1,False,0,0,
Q117392,马尔科姆·麦克道威尔,演员,1,True,89,12914,https://zh.wikipedia.org/wiki/%E9%A9%AC%E5%B0%94%E7%A7%91%E5%A7%86%C2%B7%E9%BA%A6%E5%85%8B%E9%81%93%E5%A8%81%E5%B0%94
NAME:马尔科姆·麦克道威尔,马尔科姆·麦克道威尔,演员,1,False,0,0,
Q15921192,马志威,演员,1,True,76,3508,https://zh.wikipedia.org/wiki/%E9%A6%AC%E5%BF%97%E5%A8%81
NAME:马志翔,马志翔,演员,1,False,0,0,
Q21070415,马拉维卡·莫汉南,演员,1,True,199,5276,https://zh.wikipedia.org/wiki/%E9%A6%AC%E6%8B%89%E7%B6%AD%E5%8D%A1%C2%B7%E8%8E%AB%E6%BC%A2%E5%8D%97
NAME:马提亚斯·史维克福,马提亚斯·史维克福,演员,1,False,0,0,
Q183542,马汀·劳伦斯,演员,1,True,87,6144,https://zh.wikipedia.org/wiki/%E9%A6%AC%E6%B1%80%C2%B7%E5%8B%9E%E5%80%AB%E6%96%AF
Q598178,马泰 (华裔演员),演员,1,True,57,3870,https://zh.wikipedia.org/wiki/%E9%A9%AC%E6%B3%B0_(%E5%8D%8E%E8%A3%94%E6%BC%94%E5%91%98)
Q175535,马特·达蒙,演员,1,True,363,13632,https://zh.wikipedia.org/wiki/%E9%A9%AC%E7%89%B9%C2%B7%E8%BE%BE%E8%92%99
Q175535,马特·达蒙,演员,1,True,363,13632,https://zh.wikipedia.org/wiki/%E9%A9%AC%E7%89%B9%C2%B7%E8%BE%BE%E8%92%99
NAME:马特·达蒙,马特·达蒙,演员,1,False,0,0,
Q9375329,骆达华,演员,1,True,57,17096,https://zh.wikipedia.org/wiki/%E9%A7%B1%E9%81%94%E8%8F%AF
NAME:高华阳,高华阳,演员,1,False,0,0,
Q83571844,高叶,演员,1,True,50,5825,https://zh.wikipedia.org/wiki/%E9%AB%98%E5%8F%B6
NAME:高岛政伸,高岛政伸,演员,1,False,0,0,
Q3157227,高捷 (演员),演员,3,True,22,10390,https://zh.wikipedia.org/wiki/%E9%AB%98%E6%8D%B7_(%E6%BC%94%E5%93%A1)
Q17160610,高桥李依,演员,1,True,95,65298,https://zh.wikipedia.org/wiki/%E9%AB%98%E6%A9%8B%E6%9D%8E%E4%BE%9D
NAME:高英轩,高英轩,演员,1,False,0,0,
NAME:髙嶋政伸,髙嶋政伸,演员,1,False,0,0,
Q7979738,魏晨,演员,1,True,45,14259,https://zh.wikipedia.org/wiki/%E9%AD%8F%E6%99%A8
Q100988340,魏浚笙,演员,1,True,198,23711,https://zh.wikipedia.org/wiki/%E9%AD%8F%E6%B5%9A%E7%AC%99
NAME:魏翔,魏翔,演员,3,False,0,0,
Q111610579,魏翔,演员,1,True,40,4314,https://zh.wikipedia.org/wiki/%E9%AD%8F%E7%BF%94
Q228766,鲁妮·玛拉,演员,1,True,170,11167,https://zh.wikipedia.org/wiki/%E9%B2%81%E5%A6%AE%C2%B7%E7%8E%9B%E6%8B%89
Q105705343,鲁尚炫,演员,1,True,99,12456,https://zh.wikipedia.org/wiki/%E9%AD%AF%E5%B0%9A%E7%82%AB
Q213574,鲁格·豪尔,演员,1,True,141,14161,https://zh.wikipedia.org/wiki/%E9%AD%AF%E6%A0%BC%C2%B7%E8%B1%AA%E7%88%BE
NAME:鲍起静,鲍起静,演员,2,False,0,0,
Q29650179,麦克·费斯,演员,1,True,224,9859,https://zh.wikipedia.org/wiki/%E9%BA%A5%E5%85%8B%C2%B7%E8%B2%BB%E6%96%AF
Q360426,麦克思·明格拉,演员,1,True,56,4750,https://zh.wikipedia.org/wiki/%E9%BA%A6%E5%85%8B%E6%80%9D%C2%B7%E6%98%8E%E6%A0%BC%E6%8B%89
Q16235655,麦卡·门罗,演员,1,True,111,3588,https://zh.wikipedia.org/wiki/%E9%BA%A6%E5%8D%A1%C2%B7%E9%97%A8%E7%BD%97
NAME:麦可·俞斯曼,麦可·俞斯曼,演员,1,False,0,0,
Q438445,麦可·斯图巴,演员,2,True,360,7861,https://zh.wikipedia.org/wiki/%E9%BA%A5%E5%8F%AF%C2%B7%E6%96%AF%E5%9C%96%E5%B7%B4
Q57147,麦可·法斯宾达,演员,1,True,372,42162,https://zh.wikipedia.org/wiki/%E9%BA%A5%E5%8F%AF%C2%B7%E6%B3%95%E6%96%AF%E8%B3%93%E9%81%94
NAME:麦可·贝,麦可·贝,演员,1,False,0,0,
Q1320615,麦可·贝奇,演员,1,True,287,3583,https://zh.wikipedia.org/wiki/%E9%BA%A5%E5%8F%AF%C2%B7%E8%B2%9D%E5%A5%87
Q16238721,麦坎西·黛维斯,演员,1,True,106,7627,https://zh.wikipedia.org/wiki/%E9%BA%A5%E5%9D%8E%E8%A5%BF%C2%B7%E9%BB%9B%E7%B6%AD%E6%96%AF
Q203215,麦斯·冯·西度,演员,1,True,281,15714,https://zh.wikipedia.org/wiki/%E9%BA%A5%E6%96%AF%C2%B7%E9%A6%AE%C2%B7%E8%A5%BF%E5%BA%A6
Q294647,麦斯·米科尔森,演员,1,True,157,14400,https://zh.wikipedia.org/wiki/%E9%BA%A6%E6%96%AF%C2%B7%E7%B1%B3%E7%A7%91%E5%B0%94%E6%A3%AE
NAME:麦特·戴蒙,麦特·戴蒙,演员,2,False,0,0,
Q26923245,麦琪·麦迪逊,演员,1,True,265,12947,https://zh.wikipedia.org/wiki/%E9%BA%A5%E7%90%AA%C2%B7%E9%BA%A5%E8%BF%AA%E9%81%9C
NAME:麦肯基·弗依,麦肯基·弗依,演员,1,False,0,0,
Q20752077,麦肯娜·葛瑞丝,演员,1,True,162,58311,https://zh.wikipedia.org/wiki/%E9%BA%A5%E8%82%AF%E5%A8%9C%C2%B7%E8%91%9B%E7%91%9E%E7%B5%B2
NAME:麦肯齐·米尔斯（）,麦肯齐·米尔斯（）,演员,1,False,0,0,
Q109349335,黄冠智,演员,1,True,270,8430,https://zh.wikipedia.org/wiki/%E9%BB%83%E5%86%A0%E6%99%BA
Q708485,黄圣依,演员,1,True,219,24829,https://zh.wikipedia.org/wiki/%E9%BB%84%E5%9C%A3%E4%BE%9D
Q698851,黄子华,演员,2,True,160,38237,https://zh.wikipedia.org/wiki/%E9%BB%83%E5%AD%90%E8%8F%AF
NAME:黄子雄,黄子雄,演员,1,False,0,0,
Q16076403,黄尚禾,演员,1,True,501,11639,https://zh.wikipedia.org/wiki/%E9%BB%83%E5%B0%9A%E7%A6%BE
Q6652453,黄德斌,演员,1,True,138,17221,https://zh.wikipedia.org/wiki/%E9%BB%83%E5%BE%B7%E6%96%8C
WP:黄恰恰,黄恰恰,演员,1,False,0,0,
NAME:黄文慧,黄文慧,演员,1,False,0,0,
Q63683362,黄明昊,演员,1,True,157,46861,https://zh.wikipedia.org/wiki/%E9%BB%83%E6%98%8E%E6%98%8A
Q701194,黄晓明,演员,1,True,138,28900,https://zh.wikipedia.org/wiki/%E9%BB%84%E6%99%93%E6%98%8E
Q25324763,黄景瑜,演员,1,True,225,47405,https://zh.wikipedia.org/wiki/%E9%BB%83%E6%99%AF%E7%91%9C
NAME:黄景瑜,黄景瑜,演员,1,False,0,0,
Q491333,黄晸珉,演员,1,True,255,34684,https://zh.wikipedia.org/wiki/%E9%BB%83%E6%99%B8%E7%8F%89
Q491333,黄晸珉,演员,1,True,255,34684,https://zh.wikipedia.org/wiki/%E9%BB%83%E6%99%B8%E7%8F%89
Q64226687,黄正宜,演员,1,True,144,15056,https://zh.wikipedia.org/wiki/%E9%BB%83%E6%AD%A3%E5%AE%9C
NAME:黄正宜,黄正宜,演员,1,False,0,0,
Q704130,黄渤,演员,4,True,150,11301,https://zh.wikipedia.org/wiki/%E9%BB%84%E6%B8%A4
NAME:黄瀞怡,黄瀞怡,演员,1,False,0,0,
WP:黄炎,黄炎,演员,1,False,0,0,
Q7606334,黄祥兴,演员,1,True,125,21362,https://zh.wikipedia.org/wiki/%E9%BB%83%E7%A5%A5%E8%88%88
Q381561,黄秋生,演员,2,True,361,40531,https://zh.wikipedia.org/wiki/%E9%BB%83%E7%A7%8B%E7%94%9F
Q8969349,黄觉,演员,1,True,80,7918,https://zh.wikipedia.org/wiki/%E9%BB%84%E8%A7%89
NAME:黄豪平,黄豪平,演员,1,False,0,0,
Q14768937,黄轩,演员,2,True,22,8627,https://zh.wikipedia.org/wiki/%E9%BB%84%E8%BD%A9
NAME:黄迪扬,黄迪扬,演员,1,False,0,0,
Q9463644,黄龄,演员,1,True,44,7311,https://zh.wikipedia.org/wiki/%E9%BB%84%E9%BE%84
NAME:黎彼得,黎彼得,演员,1,False,0,0,
Q16836,黎明,演员,1,True,355,111915,https://zh.wikipedia.org/wiki/%E9%BB%8E%E6%98%8E
NAME:黎济铭,黎济铭,演员,1,False,0,0,
Q57118,黛安·克鲁格,演员,1,True,69,7497,https://zh.wikipedia.org/wiki/%E9%BB%9B%E5%AE%89%C2%B7%E5%85%8B%E9%AD%AF%E6%A0%BC
Q64153398,黛安娜·席佛斯,演员,1,True,131,10187,https://zh.wikipedia.org/wiki/%E9%BB%9B%E5%AE%89%E5%A8%9C%C2%B7%E5%B8%AD%E4%BD%9B%E6%96%AF
NAME:黛瑞·汉娜,黛瑞·汉娜,演员,1,False,0,0,
Q43044,黛米·摩尔,演员,1,True,168,16411,https://zh.wikipedia.org/wiki/%E9%BB%9B%E7%B1%B3%C2%B7%E6%91%A9%E5%B0%94
Q73889193,黛西·埃德加-琼斯,演员,1,True,133,12924,https://zh.wikipedia.org/wiki/%E9%BB%9B%E8%A5%BF%C2%B7%E5%9F%83%E5%BE%B7%E5%8A%A0-%E7%93%8A%E6%96%AF
Q9026543,齐溪,演员,1,True,30,4316,https://zh.wikipedia.org/wiki/%E9%BD%8A%E6%BA%AA
NAME:齐藤由贵,齐藤由贵,演员,1,False,0,0,
Q11180488,龙天翔,演员,1,True,131,5325,https://zh.wikipedia.org/wiki/%E9%BE%8D%E5%A4%A9%E7%BF%94
NAME:龙龙,龙龙,演员,1,False,0,0,
NAME:（Caterina Ferioli）,（Caterina Ferioli）,演员,1,False,0,0,
